id,address,bathroom,bedroom,city,formattedSqft,lastSaleDate,lastSalePrice,latitude,longitude,stateCode,typeDisplay,price,formattedTruliaEstimate,zipCode,neighborhood,walkScore,transitScore,status,county
1,164 Inverness Way,3.0,2.0,Alameda,"1,283 sqft","Dec 31, 1969",$0,37.744564,-122.24629,CA,Single-Family Home,579000,,94502,,35,30,For Sale,ALAMEDA
2,1403 Webster St,,,Alameda,"7,704 sqft","Dec 31, 1969",$0,37.77163,-122.27703,CA,Income/Investment,195000,,94501,,80,46,For Sale,ALAMEDA
3,1204 Bay St,3.5,5.0,Alameda,"5,500 sqft","Dec 31, 1969",$0,37.76767,-122.26444,CA,Single-Family Home,2285000,,94501,,63,42,For Sale,ALAMEDA
4,1242 Saint Charles St,3.5,8.0,Alameda,"6,260 sqft","Dec 31, 1969",$0,37.767887,-122.265594,CA,Single-Family Home,2495000,,94501,,72,44,For Sale,ALAMEDA
5,151 Purcell Dr,3.0,3.0,Alameda,"2,370 sqft","Dec 31, 1969",$0,37.74528,-122.239716,CA,Single-Family Home,759000,,94502,,40,32,For Sale,ALAMEDA
6,2261 Harbor Bay Pkwy,1.0,,Alameda,"1,194 sqft","Dec 31, 1969",$0,37.73167,-122.250435,CA,Condo,399000,,94502,,43,28,For Sale,ALAMEDA
7,913 Independence Dr,2.0,2.0,Alameda,"1,313 sqft","Dec 31, 1969",$0,37.783115,-122.270195,CA,Single-Family Home,599000,,94501,,74,45,For Sale,ALAMEDA
8,1821 Versailles Ave,2.5,4.0,Alameda,"2,345 sqft","Dec 31, 1969",$0,37.76672,-122.23254,CA,Single-Family Home,899000,,94501,,75,46,For Sale,ALAMEDA
9,2101 Shoreline Dr #259,2.0,2.0,Alameda,"1,060 sqft","Dec 31, 1969",$0,37.75709,-122.25539,CA,Condo,455000,,94501,,66,34,For Sale,ALAMEDA
10,1810 Hibbard St,1.0,2.0,Alameda,744 sqft,"Dec 31, 1969",$0,37.775097,-122.254486,CA,Single-Family Home,488000,,94501,,58,41,For Sale,ALAMEDA
11,1616 Cornell Dr,1.0,3.0,Alameda,"1,487 sqft","Dec 31, 1969",$0,37.761658,-122.22901,CA,Single-Family Home,798000,,94501,,62,40,For Sale,ALAMEDA
12,1820 San Antonio Ave,,,Alameda,,"Dec 31, 1969",$0,37.76638,-122.25637,CA,Income/Investment,599000,,94501,,75,44,For Sale,ALAMEDA
13,3024 Alta Vis,3.0,3.0,Alameda,"1,584 sqft","Dec 31, 1969",$0,37.736416,-122.246124,CA,Townhome,559000,,94502,,57,28,For Sale,ALAMEDA
14,325 Kitty Hawk Rd #310,2.0,2.0,Alameda,930 sqft,"Dec 31, 1969",$0,37.759315,-122.26086,CA,Condo,399000,,94501,,54,36,For Sale,ALAMEDA
15,22 Chatham Pt,3.0,3.0,Alameda,"2,197 sqft","Dec 31, 1969",$0,37.74152,-122.2392,CA,Single-Family Home,799000,,94502,,51,28,For Sale,ALAMEDA
16,1612 Saint Charles St,3.0,3.0,Alameda,"1,884 sqft","Dec 31, 1969",$0,37.775402,-122.2656,CA,Single-Family Home,649000,,94501,,72,44,For Sale,ALAMEDA
17,1170 Broadway,2.5,4.0,Alameda,"2,210 sqft","Dec 31, 1969",$0,37.75828,-122.24219,CA,Single-Family Home,749000,,94501,,83,45,For Sale,ALAMEDA
18,2615 San Jose Ave #B,3.0,3.0,Alameda,"1,716 sqft","Dec 31, 1969",$0,37.75893,-122.241196,CA,Townhome,548000,,94501,,83,46,For Sale,ALAMEDA
19,857 Oak St,2.0,2.0,Alameda,"1,262 sqft","Dec 31, 1969",$0,37.75936,-122.24822,CA,Single-Family Home,635000,,94501,,91,44,For Sale,ALAMEDA
20,2620 Encinal Ave,3.0,4.0,Alameda,"2,252 sqft","Dec 31, 1969",$0,37.75989,-122.24,CA,Single-Family Home,798000,,94501,,82,46,For Sale,ALAMEDA
21,32 Kara Rd,2.0,3.0,Alameda,"1,405 sqft","Dec 31, 1969",$0,37.74504,-122.253235,CA,Single-Family Home,749000,,94502,,28,,For Sale,ALAMEDA
22,3538 Magnolia Dr,2.0,2.0,Alameda,"1,247 sqft","Dec 31, 1969",$0,37.732136,-122.2343,CA,Townhome,485000,,94502,,52,28,For Sale,ALAMEDA
23,2050 Pacific Ave,2.0,4.0,Alameda,"2,263 sqft","Dec 31, 1969",$0,37.77065,-122.24869,CA,Single-Family Home,769500,,94501,,83,45,For Sale,ALAMEDA
24,2620 Encinal Ave,3.0,4.0,Alameda,"2,252 sqft","Dec 31, 1969",$0,37.75989,-122.24,CA,Condo,798000,,94501,,82,46,For Sale,ALAMEDA
25,1617 Concordia St,2.0,2.0,Alameda,978 sqft,"Dec 31, 1969",$0,37.775772,-122.27575,CA,Single-Family Home,410000,,94501,,86,46,For Sale,ALAMEDA
26,636 Centre Ct,2.0,2.0,Alameda,"1,740 sqft","Dec 31, 1969",$0,37.74579,-122.23727,CA,Townhome,529000,,94502,,,,For Sale,ALAMEDA
27,2101 Shoreline Dr #344,2.0,2.0,Alameda,"1,468 sqft","Dec 31, 1969",$0,37.75709,-122.25539,CA,Condo,458000,,94501,,,,For Sale,ALAMEDA
28,161 Centre Ct,1.0,1.0,Alameda,"1,042 sqft","Dec 31, 1969",$0,37.746326,-122.23982,CA,Condo,455000,,94502,,40,32,For Sale,ALAMEDA
29,3519 Depassier Way,2.5,3.0,Alameda,,"Dec 31, 1969",$0,37.72978,-122.2366,CA,Single-Family Home,685000,,94502,,40,28,For Sale,ALAMEDA
30,27 Eclipse Ct,2.0,2.0,Alameda,"1,443 sqft","Dec 31, 1969",$0,37.78253,-122.267426,CA,Condo,630000,,94501,,55,43,For Sale,ALAMEDA
31,1804 Lincoln Ave,1.0,2.0,Alameda,"1,094 sqft","Dec 31, 1969",$0,37.771675,-122.2534,CA,Single-Family Home,620000,,94501,,,,For Sale,ALAMEDA
32,1235 Broadway,,,Alameda,"1,485 sqft","Dec 31, 1969",$0,37.760063,-122.24161,CA,Income/Investment,699800,,94501,,83,46,For Sale,ALAMEDA
33,3233 1/2 Briggs Ave,1.0,2.0,Alameda,907 sqft,"Dec 31, 1969",$0,37.756306,-122.23179,CA,Single-Family Home,675000,,94501,,62,34,For Sale,ALAMEDA
34,3351 Fernside Blvd,,,Alameda,,"Dec 31, 1969",$0,37.75929,-122.225334,CA,Income/Investment,839000,,94501,,51,36,For Sale,ALAMEDA
35,3267 Briggs Ave,,,Alameda,,"Dec 31, 1969",$0,37.755795,-122.230606,CA,Income/Investment,570000,,94501,,63,40,For Sale,ALAMEDA
36,2301 Encinal Ave,,,Alameda,"9,600 sqft","Dec 31, 1969",$0,37.763103,-122.244995,CA,Single-Family Home,850000,,94501,,97,46,For Sale,ALAMEDA
37,463 Cola Ballena,2.5,4.0,Alameda,,"Dec 31, 1969",$0,37.767326,-122.284546,CA,Single-Family Home,849000,,94501,,57,0,For Sale,ALAMEDA
38,1435 Webster St,,,Alameda,,"Dec 31, 1969",$0,37.77265,-122.277145,CA,Lot/Land,900000,,94501,,80,47,For Sale,ALAMEDA
39,Fernside Blvd,1.0,3.0,Alameda,"1,140 sqft","Dec 31, 1969",$0,37.755173,-122.22961,CA,Single-Family Home,103749,,94501,,45,36,For Sale,ALAMEDA
40,Jackson St,1.0,2.0,Alameda,"1,120 sqft","Dec 31, 1969",$0,37.759014,-122.23639,CA,Single-Family Home,323500,,94501,,80,45,For Sale,ALAMEDA
41,Encinal Ave,1.0,2.0,Alameda,"1,150 sqft","Dec 31, 1969",$0,37.766293,-122.25284,CA,Single-Family Home,480000,,94501,,75,45,For Sale,ALAMEDA
42,Taylor Ave,3.0,3.0,Alameda,"2,115 sqft","Dec 31, 1969",$0,37.772392,-122.277405,CA,Multi-Family Home,380000,,94501,,85,46,For Sale,ALAMEDA
43,Linden St,3.0,7.0,Alameda,"2,563 sqft","Dec 31, 1969",$0,37.774204,-122.28084,CA,Single-Family Home,300000,,94501,,80,46,For Sale,ALAMEDA
44,Court St,2.0,3.0,Alameda,"1,550 sqft","Dec 31, 1969",$0,37.75206,-122.24128,CA,Single-Family Home,390000,,94501,,52,36,For Sale,ALAMEDA
45,Webster St #107,1.0,1.0,Alameda,701 sqft,"Dec 31, 1969",$0,37.77089,-122.27685,CA,Condo,202021,,94501,,80,46,For Sale,ALAMEDA
46,Paru St,2.0,3.0,Alameda,"1,192 sqft","Dec 31, 1969",$0,37.77591,-122.25535,CA,Condo,501108,,94501,,52,40,For Sale,ALAMEDA
47,Paru St,,,Alameda,"3,916 sqft","Dec 31, 1969",$0,37.774483,-122.256325,CA,Multi-Family Home,767442,,94501,,55,41,For Sale,ALAMEDA
48,Gilbert Ln,2.0,4.0,Alameda,"1,766 sqft","Dec 31, 1969",$0,37.73511,-122.243515,CA,Condo,620810,,94502,,58,28,For Sale,ALAMEDA
49,Tideway Dr,2.0,3.0,Alameda,"1,835 sqft","Dec 31, 1969",$0,37.770317,-122.28674,CA,Condo,938250,,94501,,68,0,For Sale,ALAMEDA
50,Ferro Ct,3.0,4.0,Alameda,"2,343 sqft","Dec 31, 1969",$0,37.73345,-122.248314,CA,Single-Family Home,760400,,94502,,48,28,For Sale,ALAMEDA
51,San Jose Ave,2.0,3.0,Alameda,"1,550 sqft","Dec 31, 1969",$0,37.762096,-122.24836,CA,Single-Family Home,740983,,94501,,95,46,For Sale,ALAMEDA
52,Buena Vista Ave,1.0,3.0,Alameda,"1,535 sqft","Dec 31, 1969",$0,37.769855,-122.24352,CA,Single-Family Home,746352,,94501,,91,46,For Sale,ALAMEDA
53,Nottingham Ct,,,Alameda,,"Dec 31, 1969",$0,37.74536,-122.24959,CA,Unspecified,938368,,94502,,,,For Sale,ALAMEDA
54,Foster St,2.0,3.0,Alameda,"1,706 sqft","Dec 31, 1969",$0,37.73702,-122.251595,CA,Single-Family Home,650000,,94502,,35,28,For Sale,ALAMEDA
55,Stanbridge Ct,2.0,3.0,Alameda,"1,809 sqft","Dec 31, 1969",$0,37.74398,-122.2494,CA,Single-Family Home,657037,,94502,,34,30,For Sale,ALAMEDA
56,Versailles Ave,1.0,3.0,Alameda,"1,664 sqft","Dec 31, 1969",$0,37.759056,-122.23858,CA,Single-Family Home,686397,,94501,,82,45,For Sale,ALAMEDA
57,Minturn St,2.0,3.0,Alameda,"1,321 sqft","Dec 31, 1969",$0,37.77182,-122.254814,CA,Single-Family Home,533942,,94501,,63,42,For Sale,ALAMEDA
58,Concordia St,1.0,2.0,Alameda,978 sqft,"Dec 31, 1969",$0,37.77578,-122.275475,CA,Single-Family Home,487821,,94501,,86,46,For Sale,ALAMEDA
59,Saint Charles St,1.0,1.0,Alameda,448 sqft,"Dec 31, 1969",$0,37.77351,-122.26585,CA,Single-Family Home,352660,,94501,,72,45,For Sale,ALAMEDA
60,Pacific Ave,2.0,3.0,Alameda,"1,530 sqft","Dec 31, 1969",$0,37.776173,-122.274414,CA,Single-Family Home,633457,,94501,,95,46,For Sale,ALAMEDA
61,Sherman St,1.0,2.0,Alameda,"1,615 sqft","Dec 31, 1969",$0,37.767868,-122.26357,CA,Single-Family Home,646874,,94501,,72,43,For Sale,ALAMEDA
62,Gibbons Dr,2.0,3.0,Alameda,"2,128 sqft","Dec 31, 1969",$0,37.763397,-122.22758,CA,Single-Family Home,955015,,94501,,60,42,For Sale,ALAMEDA
63,Otis Dr,2.0,2.0,Alameda,"1,305 sqft","Dec 31, 1969",$0,37.754177,-122.24293,CA,Single-Family Home,642600,,94501,,62,37,For Sale,ALAMEDA
64,8th St,2.0,4.0,Alameda,"1,800 sqft","Dec 31, 1969",$0,37.774708,-122.2727,CA,Single-Family Home,664000,,94501,,94,46,For Sale,ALAMEDA
65,Cottage St,1.0,2.0,Alameda,"1,110 sqft","Dec 31, 1969",$0,37.77189,-122.259155,CA,Single-Family Home,477000,,94501,,68,43,For Sale,ALAMEDA
66,Bartlett Dr,2.0,3.0,Alameda,"1,622 sqft","Dec 31, 1969",$0,37.78079,-122.27344,CA,Single-Family Home,626654,,94501,,75,46,For Sale,ALAMEDA
67,San Antonio Ave,2.0,3.0,Alameda,"2,265 sqft","Dec 31, 1969",$0,37.76526,-122.25301,CA,Single-Family Home,100000,,94501,,77,45,For Sale,ALAMEDA
68,Sea View Pkwy,2.0,3.0,Alameda,"2,001 sqft","Dec 31, 1969",$0,37.74771,-122.25072,CA,Condo,310000,,94502,,46,32,For Sale,ALAMEDA
69,3rd St,2.0,3.0,Alameda,"1,073 sqft","Dec 31, 1969",$0,37.777348,-122.287994,CA,Single-Family Home,64935,,94501,,55,41,For Sale,ALAMEDA
70,Webster St #E211,1.0,1.0,Alameda,701 sqft,"Dec 31, 1969",$0,37.77089,-122.27685,CA,Condo,148500,,94501,,82,47,For Sale,ALAMEDA
71,Centre Ct #109,1.0,1.0,Alameda,"1,042 sqft","Dec 31, 1969",$0,37.746037,-122.23967,CA,Condo,315000,,94502,,45,32,For Sale,ALAMEDA
72,Willow St #C,1.0,2.0,Alameda,830 sqft,"Dec 31, 1969",$0,37.76096,-122.25462,CA,Unspecified,187500,,94501,,78,42,For Sale,ALAMEDA
73,Haight Ave,2.0,3.0,Alameda,"2,683 sqft","Dec 31, 1969",$0,37.774384,-122.28248,CA,Single-Family Home,401000,,94501,,78,45,For Sale,ALAMEDA
74,Pacific Ave,2.0,4.0,Alameda,"1,806 sqft","Dec 31, 1969",$0,37.774574,-122.25696,CA,Multi-Family Home,571829,,94501,,63,42,For Sale,ALAMEDA
75,Oceana St,3.0,3.0,Alameda,"3,423 sqft","Dec 31, 1969",$0,37.78355,-122.28618,CA,Single-Family Home,975550,,94501,,66,44,For Sale,ALAMEDA
76,Otis Dr #105,2.0,2.0,Alameda,"1,162 sqft","Dec 31, 1969",$0,37.76037,-122.253105,CA,Condo,371742,,94501,,85,43,For Sale,ALAMEDA
77,Otis Dr D,1.0,2.0,Alameda,866 sqft,"Dec 31, 1969",$0,37.76102,-122.254776,CA,Condo,308616,,94501,,80,42,For Sale,ALAMEDA
78,Santa Clara Ave,2.0,2.0,Alameda,"1,060 sqft","Dec 31, 1969",$0,37.767857,-122.247665,CA,Condo,416059,,94501,,89,46,For Sale,ALAMEDA
79,Jack London Ave,2.0,3.0,Alameda,"2,805 sqft","Dec 31, 1969",$0,37.781788,-122.285866,CA,Single-Family Home,866744,,94501,,65,43,For Sale,ALAMEDA
80,Fernside Blvd #A,1.0,1.0,Alameda,"1,563 sqft","Dec 31, 1969",$0,37.762356,-122.22557,CA,Condo,557524,,94501,,62,40,For Sale,ALAMEDA
81,Mangrove Ln,2.0,3.0,Alameda,"1,760 sqft","Dec 31, 1969",$0,37.730766,-122.23464,CA,Townhome,586251,,94502,,49,29,For Sale,ALAMEDA
82,Central Ave,1.0,1.0,Alameda,548 sqft,"Dec 31, 1969",$0,37.771614,-122.283745,CA,Single-Family Home,286417,,94501,,68,45,For Sale,ALAMEDA
83,4th St,1.0,3.0,Alameda,"1,397 sqft","Dec 31, 1969",$0,37.775867,-122.28586,CA,Single-Family Home,601908,,94501,,62,43,For Sale,ALAMEDA
84,Ballena Blvd,2.0,4.0,Alameda,"2,452 sqft","Dec 31, 1969",$0,37.76905,-122.2865,CA,Condo,782563,,94501,,51,0,For Sale,ALAMEDA
85,Shoreline Dr,,,Alameda,,"Dec 31, 1969",$0,37.75472,-122.25198,CA,Condo,371482,,94501,,75,39,For Sale,ALAMEDA
86,Bay St,2.0,4.0,Alameda,"1,874 sqft","Dec 31, 1969",$0,37.771824,-122.264656,CA,Multi-Family Home,643754,,94501,,72,44,For Sale,ALAMEDA
87,Otis Dr,,,Alameda,,"Dec 31, 1969",$0,37.761024,-122.25478,CA,Unspecified,186707,,94501,,80,42,For Sale,ALAMEDA
88,Webster St #C204,,,Alameda,,"Dec 31, 1969",$0,37.77089,-122.27685,CA,Unspecified,128250,,94501,,85,47,For Sale,ALAMEDA
89,Mozart St,2.0,3.0,Alameda,"1,151 sqft","Dec 31, 1969",$0,37.774178,-122.26908,CA,Single-Family Home,604000,,94501,,83,46,For Sale,ALAMEDA
90,Cedar St #C,,,Alameda,,"Dec 31, 1969",$0,37.760616,-122.249504,CA,Unspecified,520000,,94501,,91,44,For Sale,ALAMEDA
91,Cedar St #B,,,Alameda,,"Dec 31, 1969",$0,37.760616,-122.249504,CA,Unspecified,520000,,94501,,91,44,For Sale,ALAMEDA
92,Shore Line Dr #306,,,Alameda,,"Dec 31, 1969",$0,37.761543,-122.26969,CA,Unspecified,494285,,94501,,40,29,For Sale,ALAMEDA
93,G Cola Ballena #35,,,Alameda,,"Dec 31, 1969",$0,37.769197,-122.28597,CA,Unspecified,332000,,94501,,,,For Sale,ALAMEDA
94,St Charles St,,,Alameda,,"Dec 31, 1969",$0,37.77351,-122.26585,CA,Unspecified,347382,,94501,,63,45,For Sale,ALAMEDA
95,Maitland Dr B,,,Alameda,,"Dec 31, 1969",$0,37.736145,-122.236046,CA,Unspecified,516000,,94502,,74,29,For Sale,ALAMEDA
96,Central Ave #F433,,,Alameda,,"Dec 31, 1969",$0,37.77018,-122.25655,CA,Unspecified,414943,,94501,,75,43,For Sale,ALAMEDA
97,Haight Ave,,,Alameda,,"Dec 31, 1969",$0,37.775786,-122.289026,CA,Unspecified,520000,,94501,,63,44,For Sale,ALAMEDA
98,Dow Ct,2.0,4.0,Alameda,"2,171 sqft","Dec 31, 1969",$0,37.78094,-122.27443,CA,Single-Family Home,700976,,94501,,75,47,For Sale,ALAMEDA
99,Sandpiper Pl,2.0,4.0,Alameda,"2,172 sqft","Dec 31, 1969",$0,37.742,-122.24877,CA,Single-Family Home,800000,,94502,,46,29,For Sale,ALAMEDA
100,Garfield Ave,1.0,3.0,Alameda,"1,416 sqft","Dec 31, 1969",$0,37.758476,-122.227684,CA,Single-Family Home,743352,,94501,,54,37,For Sale,ALAMEDA
101,Bay St,1.0,3.0,Alameda,"1,635 sqft","Dec 31, 1969",$0,37.76809,-122.26481,CA,Single-Family Home,739311,,94501,,68,44,For Sale,ALAMEDA
102,Young,2.0,3.0,Alameda,"1,706 sqft","Dec 31, 1969",$0,37.737473,-122.25131,CA,Single-Family Home,806271,,94502,,48,30,For Sale,ALAMEDA
103,Pacific Ave,,,Alameda,,"Dec 31, 1969",$0,37.776468,-122.290591,CA,Unspecified,620674,,94501,,95,47,For Sale,ALAMEDA
104,Pacific Ave,,,Alameda,,"Dec 31, 1969",$0,37.776468,-122.290591,CA,Unspecified,620674,,94501,,95,47,For Sale,ALAMEDA
