id,address,bathroom,bedroom,city,formattedSqft,lastSaleDate,lastSalePrice,latitude,longitude,stateCode,typeDisplay,price,formattedTruliaEstimate,zipCode,neighborhood,walkScore,transitScore,status,county
1,400 Live Oak Way #402,2.5,2.0,Belmont,"1,379 sqft","Dec 31, 1969",$0,37.508755,-122.30161,CA,Townhome,790000,,94002,,57,,For Sale,SAN MATEO
2,8 Arroyo View Cir,3.0,3.0,Belmont,"1,520 sqft","Dec 31, 1969",$0,37.510376,-122.30578,CA,Single-Family Home,1088800,,94002,,34,,For Sale,SAN MATEO
3,15 Waterloo Ct,3.0,5.0,Belmont,"10,600 sqft","Dec 31, 1969",$0,37.503384,-122.31257,CA,Single-Family Home,1695000,,94002,,15,,For Sale,SAN MATEO
4,Ralston Ave,,,Belmont,,"Dec 31, 1969",$0,37.524393,-122.271297,CA,Lot/Land,199000,,94002,,,,For Sale,SAN MATEO
5,1220 Chula Vista Dr,3.0,5.0,Belmont,"2,310 sqft","Dec 31, 1969",$0,37.512844,-122.28257,CA,Single-Family Home,1350000,,94002,,72,,For Sale,SAN MATEO
6,800 Live Oak Way #802,3.0,3.0,Belmont,"2,096 sqft","Dec 31, 1969",$0,37.508755,-122.30161,CA,Condo,949949,,94002,,57,,For Sale,SAN MATEO
7,Hillman Ave,,,Belmont,,"Dec 31, 1969",$0,37.525547,-122.292205,CA,Lot/Land,295000,,94002,,,,For Sale,SAN MATEO
8,Ralston Ranch Rd,,,Belmont,,"Dec 31, 1969",$0,37.5115,-122.324,CA,Single-Family Home,799000,,94002,,26,,For Sale,SAN MATEO
9,2115 Shirley Rd,2.0,3.0,Belmont,"1,900 sqft","Dec 31, 1969",$0,37.521637,-122.301674,CA,Single-Family Home,975000,,94002,,,,For Sale,SAN MATEO
10,1120 Tahoe Dr,2.0,3.0,Belmont,"1,610 sqft","Dec 31, 1969",$0,37.51076,-122.31706,CA,Single-Family Home,1100000,,94002,,,,For Sale,SAN MATEO
11,2730 Monserat Ave,3.0,3.0,Belmont,"2,010 sqft","Dec 31, 1969",$0,37.513702,-122.30491,CA,Single-Family Home,1138000,,94002,,35,,For Sale,SAN MATEO
12,32 Elder Dr,3.0,4.0,Belmont,"2,500 sqft","Dec 31, 1969",$0,37.506863,-122.307785,CA,Single-Family Home,1798000,,94002,,28,,For Sale,SAN MATEO
13,1144 Lassen Dr,2.0,4.0,Belmont,"2,480 sqft","Dec 31, 1969",$0,37.51037,-122.3166,CA,Single-Family Home,1400000,,94002,,31,,For Sale,SAN MATEO
14,Belmont Ave,,,Belmont,,"Dec 31, 1969",$0,37.527397,-122.286131,CA,Lot/Land,930000,,94002,,,,For Sale,SAN MATEO
15,400 Davey Glen Rd #4425,2.0,2.0,Belmont,"1,056 sqft","Dec 31, 1969",$0,37.525707,-122.28667,CA,Apt/Condo/Twnhm,475000,,94002,,68,,For Sale,SAN MATEO
16,3812 Naughton Ave,3.0,3.0,Belmont,"1,980 sqft","Dec 31, 1969",$0,37.514515,-122.31855,CA,Single-Family Home,1200000,,94002,,25,,For Sale,SAN MATEO
17,2401 Buena Vista Ave,1.0,3.0,Belmont,"1,030 sqft","Dec 31, 1969",$0,37.518055,-122.302475,CA,Single-Family Home,838000,,94002,,40,,For Sale,SAN MATEO
18,1130 Chula Vista Dr,2.5,4.0,Belmont,"2,700 sqft","Dec 31, 1969",$0,37.514053,-122.28252,CA,Single-Family Home,1549000,,94002,,72,,For Sale,SAN MATEO
19,1250 Chula Vista Dr,3.0,3.0,Belmont,"2,550 sqft","Dec 31, 1969",$0,37.5121,-122.28371,CA,Single-Family Home,1450000,,94002,,55,,For Sale,SAN MATEO
20,1320 Old County Rd,,,Belmont,"1,092 sqft","Dec 31, 1969",$0,37.518578,-122.2726,CA,Income/Investment,449000,,94002,,78,,For Sale,SAN MATEO
21,1309 Sixth Ave,3.0,4.0,Belmont,"4,428 sqft","Dec 31, 1969",$0,37.517483,-122.274895,CA,Single-Family Home,1950000,,94002,,82,,For Sale,SAN MATEO
22,3900 Marsten Ave,1.0,2.0,Belmont,"2,400 sqft","Dec 31, 1969",$0,37.51414,-122.32259,CA,Single-Family Home,2688000,,94002,,23,,For Sale,SAN MATEO
23,3900 Marsten Ave,,,Belmont,,"Dec 31, 1969",$0,37.51414,-122.32259,CA,Lot/Land,2688000,,94002,,23,,For Sale,SAN MATEO
24,575 Ralston Ave,,,Belmont,"1,600 sqft","Dec 31, 1969",$0,37.521816,-122.27382,CA,Income/Investment,2250000,,94002,,83,,For Sale,SAN MATEO
25,1332 El Camino Real,,,Belmont,"1,000 sqft","Dec 31, 1969",$0,37.51796,-122.27354,CA,Income/Investment,668800,,94002,,88,,For Sale,SAN MATEO
26,San Juan Blvd,,,Belmont,,"Dec 31, 1969",$0,37.513358,-122.306688,CA,Lot/Land,650000,,94002,,,,For Sale,SAN MATEO
27,300 Davey Glen Rd,2.0,3.0,Belmont,,"Dec 31, 1969",$0,37.525707,-122.28667,CA,Condo,695000,,94002,,68,,For Sale,SAN MATEO
28,Naughton Ave,2.0,3.0,Belmont,"1,980 sqft","Dec 31, 1969",$0,37.51431,-122.318535,CA,Single-Family Home,525000,,94002,,25,,For Sale,SAN MATEO
29,Valdez Ave,2.0,3.0,Belmont,"2,070 sqft","Dec 31, 1969",$0,37.508648,-122.289345,CA,Single-Family Home,544185,,94002,,69,,For Sale,SAN MATEO
30,Newlands Ave,2.0,3.0,Belmont,"1,400 sqft","Dec 31, 1969",$0,37.51809,-122.30205,CA,Single-Family Home,782000,,94002,,45,,For Sale,SAN MATEO
31,Read Ave,2.0,2.0,Belmont,"1,262 sqft","Dec 31, 1969",$0,37.5143,-122.30211,CA,Single-Family Home,675000,,94002,,54,,For Sale,SAN MATEO
32,Sterling View Ave,1.0,3.0,Belmont,"1,010 sqft","Dec 31, 1969",$0,37.529503,-122.286354,CA,Single-Family Home,808345,,94002,,74,,For Sale,SAN MATEO
33,Sterling View Ave,,,Belmont,,"Dec 31, 1969",$0,37.529774,-122.28606,CA,Unspecified,932172,,94002,,71,,For Sale,SAN MATEO
