id,address,bathroom,bedroom,city,formattedSqft,lastSaleDate,lastSalePrice,latitude,longitude,stateCode,typeDisplay,price,formattedTruliaEstimate,zipCode,neighborhood,walkScore,transitScore,status,county
1,1773 W Campbell Ave,2.0,3.0,Campbell,"1,693 sqft","Dec 31, 1969",$0,37.286148,-121.982216,CA,Single-Family Home,798000,,95008,,68,,For Sale,SANTA CLARA
2,93 Timber Cove Dr,2.0,2.0,Campbell,"1,200 sqft","Dec 31, 1969",$0,37.2775,-121.94815,CA,Mobile/Manufactured,159900,,95008,,80,,For Sale,SANTA CLARA
3,1442 Hoffman Ln,3.0,4.0,Campbell,"2,340 sqft","Dec 31, 1969",$0,37.265343,-121.94535,CA,Single-Family Home,1250000,,95008,,65,,For Sale,SANTA CLARA
4,870 Camden Ave #41,2.0,3.0,Campbell,"1,736 sqft","Dec 31, 1969",$0,37.27742,-121.947426,CA,Mobile/Manufactured,309000,,95008,,78,,For Sale,SANTA CLARA
5,1251 Bracebridge Ct,2.5,3.0,Campbell,"1,886 sqft","Dec 31, 1969",$0,37.265358,-121.97268,CA,Single-Family Home,895000,,95008,,37,,For Sale,SANTA CLARA
6,430 Esther Ave,2.0,3.0,Campbell,"1,771 sqft","Dec 31, 1969",$0,37.293327,-121.94787,CA,Single-Family Home,799988,,95008,,86,,For Sale,SANTA CLARA
7,1117 Hazelwood Ave,4.0,4.0,Campbell,"3,361 sqft","Dec 31, 1969",$0,37.277092,-121.96846,CA,Single-Family Home,1399000,,95008,,42,,For Sale,SANTA CLARA
8,300 Union Ave #17,1.0,1.0,Campbell,621 sqft,"Dec 31, 1969",$0,37.28249,-121.93546,CA,Apt/Condo/Twnhm,335000,,95008,Willow Glen,77,,For Sale,SANTA CLARA
9,336 April Way,2.0,3.0,Campbell,"1,630 sqft","Dec 31, 1969",$0,37.29179,-121.9274,CA,Single-Family Home,879000,,95008,,66,,For Sale,SANTA CLARA
10,3595 S Bascom Ave #28,1.0,1.0,Campbell,742 sqft,"Dec 31, 1969",$0,37.26171,-121.9468,CA,Apt/Condo/Twnhm,349888,,95008,Cambrian Park,49,,For Sale,SANTA CLARA
11,1218 Lovell Ave,3.0,5.0,Campbell,"3,200 sqft","Dec 31, 1969",$0,37.2721,-121.9711,CA,Single-Family Home,1600000,,95008,,42,,For Sale,SANTA CLARA
12,2785 S Bascom Ave #14,3.0,3.0,Campbell,"1,262 sqft","Dec 31, 1969",$0,37.27127,-121.93733,CA,Condo,478000,,95008,Willow Glen,68,,For Sale,SANTA CLARA
13,444 W Hacienda Ave,3.0,3.0,Campbell,"1,425 sqft","Dec 31, 1969",$0,37.268803,-121.957726,CA,Townhome,630000,,95008,,68,,For Sale,SANTA CLARA
14,550 Millbrook Ct,2.0,3.0,Campbell,"1,040 sqft","Dec 31, 1969",$0,37.280777,-121.95948,CA,Single-Family Home,699999,,95008,,60,,For Sale,SANTA CLARA
15,1310 E Campbell Ave,3.0,4.0,Campbell,"2,751 sqft","Dec 31, 1969",$0,37.286392,-121.92609,CA,Single-Family Home,1398000,,95008,,58,,For Sale,SANTA CLARA
16,444 W Hacienda Ave,7.0,3.0,Campbell,,"Dec 31, 1969",$0,37.268803,-121.957726,CA,Apt/Condo/Twnhm,630000,,95008,,68,,For Sale,SANTA CLARA
17,1143 Capri Dr,3.0,3.0,Campbell,"1,454 sqft","Dec 31, 1969",$0,37.27043,-121.96158,CA,Apt/Condo/Twnhm,629950,,95008,,51,,For Sale,SANTA CLARA
18,2216 Fazeli Ct,3.0,3.0,Campbell,"1,359 sqft","Dec 31, 1969",$0,37.270164,-121.93816,CA,Townhome,573900,,95008,Willow Glen,63,,For Sale,SANTA CLARA
19,25 Heritage Ct,3.0,3.0,Campbell,"1,733 sqft","Dec 31, 1969",$0,37.288456,-121.94149,CA,Single-Family Home,869950,,95008,,88,,For Sale,SANTA CLARA
20,185 Union Ave #76,1.0,1.0,Campbell,704 sqft,"Dec 31, 1969",$0,37.284332,-121.93576,CA,Condo,319000,,95008,,72,,For Sale,SANTA CLARA
21,1601 Ensenada Dr,2.0,3.0,Campbell,"1,618 sqft","Dec 31, 1969",$0,37.289818,-121.97855,CA,Single-Family Home,888000,,95008,,69,,For Sale,SANTA CLARA
22,37 Albatross Ct,2.5,2.0,Campbell,"1,190 sqft","Dec 31, 1969",$0,37.289684,-121.94902,CA,Townhome,675000,,95008,,85,,For Sale,SANTA CLARA
23,522 Century Dr,2.0,5.0,Campbell,"2,198 sqft","Dec 31, 1969",$0,37.27922,-121.96417,CA,Single-Family Home,899000,,95008,,45,,For Sale,SANTA CLARA
24,455 W Sunnyoaks Ave,3.0,4.0,Campbell,"2,011 sqft","Dec 31, 1969",$0,37.272514,-121.957664,CA,Single-Family Home,1099000,,95008,,66,,For Sale,SANTA CLARA
25,4985 Ponderosa Ter,1.0,2.0,Campbell,920 sqft,"Dec 31, 1969",$0,37.27039,-121.98891,CA,Single-Family Home,510000,,95008,West San Jose,29,,For Sale,SANTA CLARA
26,145 Redding Rd,7.0,2.0,Campbell,,"Dec 31, 1969",$0,37.26564,-121.94599,CA,Apt/Condo/Twnhm,585000,,95008,,65,,For Sale,SANTA CLARA
27,145 Redding Rd,3.0,2.0,Campbell,"1,267 sqft","Dec 31, 1969",$0,37.26564,-121.94599,CA,Townhome,585000,,95008,,65,,For Sale,SANTA CLARA
28,2870 Joseph Ave,4.0,8.0,Campbell,"2,992 sqft","Dec 31, 1969",$0,37.270195,-121.939224,CA,Condo,1120000,,95008,Willow Glen,58,,For Sale,SANTA CLARA
29,1815 White Oaks Rd,2.0,3.0,Campbell,"1,759 sqft","Dec 31, 1969",$0,37.261604,-121.94924,CA,Single-Family Home,849990,,95008,,60,,For Sale,SANTA CLARA
30,2871 S Bascom Ave #405,2.0,2.0,Campbell,841 sqft,"Dec 31, 1969",$0,37.270393,-121.93801,CA,Apt/Condo/Twnhm,400000,,95008,Willow Glen,71,,For Sale,SANTA CLARA
31,168 Echo Ave,,,Campbell,"3,624 sqft","Dec 31, 1969",$0,37.278442,-121.95237,CA,Multi-Family Home,888000,,95008,,85,,For Sale,SANTA CLARA
32,835 Dry Creek Rd,,,Campbell,,"Dec 31, 1969",$0,37.278427,-121.93496,CA,Lot/Land,3500000,,95008,Willow Glen,72,,For Sale,SANTA CLARA
33,835 Dry Creek Rd,2.0,4.0,Campbell,"2,600 sqft","Dec 31, 1969",$0,37.278427,-121.93496,CA,Single-Family Home,3500000,,95008,Willow Glen,86,,For Sale,SANTA CLARA
34,980 Dry Creek Rd,3.0,4.0,Campbell,"3,000 sqft","Dec 31, 1969",$0,37.279774,-121.93267,CA,Unspecified,1399000,,95008,Willow Glen,78,,For Sale,SANTA CLARA
35,Theresa Ave,2.0,3.0,Campbell,"1,281 sqft","Dec 31, 1969",$0,37.26834,-121.96275,CA,Single-Family Home,386257,,95008,,57,,For Sale,SANTA CLARA
36,Salice Way,1.0,2.0,Campbell,"1,141 sqft","Dec 31, 1969",$0,37.28554,-121.95202,CA,Condo,505923,,95008,,82,,For Sale,SANTA CLARA
37,W Rincon Ave,1.0,2.0,Campbell,"1,141 sqft","Dec 31, 1969",$0,37.28491,-121.95142,CA,Condo,3619,,95008,,82,,For Sale,SANTA CLARA
38,S San Tomas Aquino Rd,2.0,3.0,Campbell,"1,598 sqft","Dec 31, 1969",$0,37.27304,-121.9715,CA,Condo,27284,,95008,,37,,For Sale,SANTA CLARA
39,W Sunnyoaks Ave,3.0,3.0,Campbell,"1,514 sqft","Dec 31, 1969",$0,37.27222,-121.95783,CA,Single-Family Home,394838,,95008,,66,,For Sale,SANTA CLARA
40,Mcbain Ave,1.0,2.0,Campbell,917 sqft,"Dec 31, 1969",$0,37.289223,-121.93029,CA,Single-Family Home,165000,,95008,,72,,For Sale,SANTA CLARA
41,W Rincon Ave,2.0,3.0,Campbell,"1,302 sqft","Dec 31, 1969",$0,37.284718,-121.958725,CA,Condo,260000,,95008,,65,,For Sale,SANTA CLARA
42,Del Prado Dr,2.0,4.0,Campbell,"1,830 sqft","Dec 31, 1969",$0,37.28749,-121.9614,CA,Single-Family Home,429394,,95008,,63,,For Sale,SANTA CLARA
43,W Rincon Ave,,2.0,Campbell,"1,319 sqft","Dec 31, 1969",$0,37.28491,-121.952,CA,Single-Family Home,395475,,95008,,82,,For Sale,SANTA CLARA
44,W Hacienda Ave,2.0,3.0,Campbell,"1,425 sqft","Dec 31, 1969",$0,37.269173,-121.9578,CA,Condo,469000,,95008,,68,,For Sale,SANTA CLARA
45,N 2nd St,,,Campbell,,"Dec 31, 1969",$0,37.29132,-121.94592,CA,Unspecified,386907,,95008,,,,For Sale,SANTA CLARA
46,Cambrian Dr,2.0,3.0,Campbell,"1,525 sqft","Dec 31, 1969",$0,37.275658,-121.93664,CA,Single-Family Home,731250,,95008,Willow Glen,72,,For Sale,SANTA CLARA
47,Vizcaya Cir,2.0,3.0,Campbell,"2,396 sqft","Dec 31, 1969",$0,37.27339,-121.937065,CA,Condo,705200,,95008,Willow Glen,71,,For Sale,SANTA CLARA
48,Union Ave,2.0,3.0,Campbell,"2,072 sqft","Dec 31, 1969",$0,37.276867,-121.934784,CA,Single-Family Home,740000,,95008,Willow Glen,71,,For Sale,SANTA CLARA
49,Gazelle Dr,2.0,3.0,Campbell,"1,204 sqft","Dec 31, 1969",$0,37.269016,-121.98496,CA,Single-Family Home,676049,,95008,West San Jose,40,,For Sale,SANTA CLARA
50,Cherry Ln,1.0,2.0,Campbell,"1,340 sqft","Dec 31, 1969",$0,37.283543,-121.95293,CA,Single-Family Home,526950,,95008,,82,,For Sale,SANTA CLARA
51,W Sunnyoaks Ave,2.0,2.0,Campbell,"1,635 sqft","Dec 31, 1969",$0,37.27221,-121.959465,CA,Single-Family Home,650836,,95008,,60,,For Sale,SANTA CLARA
52,Connie Dr,2.0,3.0,Campbell,"1,919 sqft","Dec 31, 1969",$0,37.27288,-121.966965,CA,Single-Family Home,881479,,95008,,35,,For Sale,SANTA CLARA
53,Corliss Way,2.0,3.0,Campbell,"1,040 sqft","Dec 31, 1969",$0,37.28171,-121.96004,CA,Single-Family Home,462000,,95008,,51,,For Sale,SANTA CLARA
54,N 1st St #3,,,Campbell,,"Dec 31, 1969",$0,37.291916,-121.944695,CA,Unspecified,18401,,95008,,85,,For Sale,SANTA CLARA
55,Union A,,,Campbell,,"Dec 31, 1969",$0,37.28122,-121.93573,CA,Unspecified,432000,,95008,Willow Glen,78,,For Sale,SANTA CLARA
56,Apricot Ave,,,Campbell,,"Dec 31, 1969",$0,37.283524,-121.93394,CA,Single-Family Home,400000,,95008,,72,,For Sale,SANTA CLARA
57,Redding Rd #C5,1.0,2.0,Campbell,"1,279 sqft","Dec 31, 1969",$0,37.265137,-121.94692,CA,Condo,384000,,95008,,60,,For Sale,SANTA CLARA
58,Hoffman Ln,2.0,3.0,Campbell,"1,521 sqft","Dec 31, 1969",$0,37.26667,-121.94559,CA,Single-Family Home,528083,,95008,,65,,For Sale,SANTA CLARA
59,E Rincon Ave,1.0,5.0,Campbell,"2,422 sqft","Dec 31, 1969",$0,37.2849,-121.945816,CA,Single-Family Home,749999,,95008,,88,,For Sale,SANTA CLARA
60,White Oaks Rd,2.0,3.0,Campbell,"1,155 sqft","Dec 31, 1969",$0,37.262306,-121.9489,CA,Single-Family Home,417000,,95008,,58,,For Sale,SANTA CLARA
61,Union Ave,1.0,1.0,Campbell,704 sqft,"Dec 31, 1969",$0,37.284122,-121.93555,CA,Condo,321789,,95008,,80,,For Sale,SANTA CLARA
62,Sobrato Dr,2.0,3.0,Campbell,"1,040 sqft","Dec 31, 1969",$0,37.282227,-121.96091,CA,Single-Family Home,580457,,95008,,52,,For Sale,SANTA CLARA
63,Union A,,,Campbell,,"Dec 31, 1969",$0,37.2812,-121.93573,CA,Unspecified,408000,,95008,Willow Glen,78,,For Sale,SANTA CLARA
64,Union B,,,Campbell,,"Dec 31, 1969",$0,37.280502,-121.93579,CA,Unspecified,520000,,95008,,71,,For Sale,SANTA CLARA
65,W Rincon Ave,,,Campbell,,"Dec 31, 1969",$0,37.284863,-121.95748,CA,Unspecified,488454,,95008,,63,,For Sale,SANTA CLARA
66,Dot Ave A,,,Campbell,,"Dec 31, 1969",$0,37.28657,-121.95873,CA,Unspecified,337500,,95008,,55,,For Sale,SANTA CLARA
67,E Mc Glincy Ln #110,,,Campbell,,"Dec 31, 1969",$0,37.279114,-121.9373,CA,Unspecified,281671,,95008,Willow Glen,72,,For Sale,SANTA CLARA
68,Union Ave,2.0,3.0,Campbell,"1,318 sqft","Dec 31, 1969",$0,37.278557,-121.93538,CA,Single-Family Home,686285,,95008,Willow Glen,86,,For Sale,SANTA CLARA
69,Arroyo Seco Dr,2.0,4.0,Campbell,"2,000 sqft","Dec 31, 1969",$0,37.286,-121.928474,CA,Single-Family Home,959615,,95008,,77,,For Sale,SANTA CLARA
