id,address,bathroom,bedroom,city,formattedSqft,lastSaleDate,lastSalePrice,latitude,longitude,stateCode,typeDisplay,price,formattedTruliaEstimate,zipCode,neighborhood,walkScore,transitScore,status,county
1,103 Beth Dr,2.0,4.0,Felton,"2,098 sqft","Dec 31, 1969",$0,37.03932,-122.0667,CA,Single-Family Home,659000,,95018,,29,,For Sale,SANTA CRUZ
2,10303 Lompico Rd,1.0,1.0,Felton,575 sqft,"Dec 31, 1969",$0,37.099884,-122.05354,CA,Single-Family Home,177500,,95018,,3,,For Sale,SANTA CRUZ
3,315 West Dr,1.0,1.0,Felton,577 sqft,"Dec 31, 1969",$0,37.105087,-122.05377,CA,Single-Family Home,315000,,95018,,2,,For Sale,SANTA CRUZ
4,362 Redwood Dr,1.0,1.0,Felton,630 sqft,"Dec 31, 1969",$0,37.042664,-122.07667,CA,Single-Family Home,219975,,95018,,51,,For Sale,SANTA CRUZ
5,6990 Highway 9,2.0,5.0,Felton,"2,700 sqft","Dec 31, 1969",$0,37.060886,-122.07945,CA,Single-Family Home,575000,,95018,,38,,For Sale,SANTA CRUZ
6,310 El Alamein Rd,6.0,8.0,Felton,"5,167 sqft","Dec 31, 1969",$0,37.066822,-122.060646,CA,Single-Family Home,1888000,,95018,,14,,For Sale,SANTA CRUZ
7,288 Carrol Ave,1.0,2.0,Felton,900 sqft,"Dec 31, 1969",$0,37.10444,-122.0508,CA,Single-Family Home,389000,,95018,,2,,For Sale,SANTA CRUZ
8,183 River Ln,1.0,3.0,Felton,"2,240 sqft","Dec 31, 1969",$0,37.038197,-122.065,CA,Single-Family Home,479000,,95018,,32,,For Sale,SANTA CRUZ
9,5780 Valley Dr,1.0,1.0,Felton,950 sqft,"Dec 31, 1969",$0,37.045048,-122.07482,CA,Single-Family Home,475000,,95018,,52,,For Sale,SANTA CRUZ
10,6625 Cooper St,2.0,2.0,Felton,"1,167 sqft","Dec 31, 1969",$0,37.055634,-122.078545,CA,Single-Family Home,275000,,95018,,62,,For Sale,SANTA CRUZ
11,27 Kelldon Dr,2.0,2.0,Felton,990 sqft,"Dec 31, 1969",$0,37.035088,-122.06266,CA,Mobile/Manufactured,149950,,95018,,20,,For Sale,SANTA CRUZ
12,1150 Fern Rdg,2.0,2.0,Felton,"1,747 sqft","Dec 31, 1969",$0,37.113262,-122.01083,CA,Single-Family Home,874500,,95018,,6,,For Sale,SANTA CRUZ
13,233 Pine Ave,,,Felton,,"Dec 31, 1969",$0,37.04166,-122.075195,CA,Lot/Land,169900,,95018,,43,,For Sale,SANTA CRUZ
14,Sunset Ct,3.0,4.0,Felton,"3,470 sqft","Dec 31, 1969",$0,37.105083,-122.044087,CA,Multi-Family Home,640000,,95018,,,,For Sale,SANTA CRUZ
15,Zayante Dr,3.0,3.0,Felton,"2,379 sqft","Dec 31, 1969",$0,37.091618,-122.04399,CA,Single-Family Home,250000,,95018,,3,,For Sale,SANTA CRUZ
16,Lake Blvd,,,Felton,"1,545 sqft","Dec 31, 1969",$0,37.10739,-122.04871,CA,Single-Family Home,354715,,95018,,0,,For Sale,SANTA CRUZ
17,Grandview Ave,2.0,2.0,Felton,970 sqft,"Dec 31, 1969",$0,37.04624,-122.06141,CA,Single-Family Home,479026,,95018,,37,,For Sale,SANTA CRUZ
18,Fern Ave,2.0,2.0,Felton,"1,436 sqft","Dec 31, 1969",$0,37.032455,-122.08125,CA,Single-Family Home,488000,,95018,,14,,For Sale,SANTA CRUZ
19,Altamont Dr,2.0,3.0,Felton,"1,361 sqft","Dec 31, 1969",$0,37.030083,-122.08743,CA,Single-Family Home,540404,,95018,,6,,For Sale,SANTA CRUZ
20,E Zayante Rd,1.0,1.0,Felton,851 sqft,"Dec 31, 1969",$0,37.091976,-122.04342,CA,Single-Family Home,312116,,95018,,2,,For Sale,SANTA CRUZ
21,Highway 9,1.0,2.0,Felton,"1,176 sqft","Dec 31, 1969",$0,37.03179,-122.06531,CA,Multi-Family Home,553286,,95018,,11,,For Sale,SANTA CRUZ
22,West Dr,1.0,1.0,Felton,"1,055 sqft","Dec 31, 1969",$0,37.10568,-122.05603,CA,Single-Family Home,290468,,95018,,2,,For Sale,SANTA CRUZ
23,Waner Way,2.0,2.0,Felton,"1,164 sqft","Dec 31, 1969",$0,37.090717,-122.04328,CA,Single-Family Home,387962,,95018,,5,,For Sale,SANTA CRUZ
24,Lazywoods Rd,2.0,2.0,Felton,"1,210 sqft","Dec 31, 1969",$0,37.0661,-122.0784,CA,Single-Family Home,380000,,95018,,17,,For Sale,SANTA CRUZ
25,Lakeview Ave,1.0,1.0,Felton,640 sqft,"Dec 31, 1969",$0,37.100304,-122.0492,CA,Single-Family Home,198074,,95018,,2,,For Sale,SANTA CRUZ
26,Gail Dr,2.0,2.0,Felton,938 sqft,"Dec 31, 1969",$0,37.03894,-122.06735,CA,Single-Family Home,310000,,95018,,43,,For Sale,SANTA CRUZ
27,E Zayante Rd,2.0,3.0,Felton,930 sqft,"Dec 31, 1969",$0,37.087257,-122.04554,CA,Single-Family Home,362621,,95018,,6,,For Sale,SANTA CRUZ
28,Wells St,1.0,1.0,Felton,712 sqft,"Dec 31, 1969",$0,37.09383,-122.04446,CA,Unspecified,251270,,95018,,5,,For Sale,SANTA CRUZ
29,Pine Ave,1.0,2.0,Felton,720 sqft,"Dec 31, 1969",$0,37.04191,-122.07535,CA,Single-Family Home,412201,,95018,,55,,For Sale,SANTA CRUZ
30,Cooper St,1.0,2.0,Felton,"1,396 sqft","Dec 31, 1969",$0,37.05473,-122.07529,CA,Multi-Family Home,671007,,95018,,77,,For Sale,SANTA CRUZ
31,Zayante Dr,1.0,3.0,Felton,"1,128 sqft","Dec 31, 1969",$0,37.08955,-122.0466,CA,Single-Family Home,343429,,95018,,3,,For Sale,SANTA CRUZ
32,Laurel Way,1.0,2.0,Felton,"1,040 sqft","Dec 31, 1969",$0,37.08877,-122.04383,CA,Single-Family Home,425456,,95018,,5,,For Sale,SANTA CRUZ
33,View Dr,1.0,1.0,Felton,"1,080 sqft","Dec 31, 1969",$0,37.029022,-122.07315,CA,Single-Family Home,434149,,95018,,12,,For Sale,SANTA CRUZ
34,Glengarry Rd,1.0,4.0,Felton,"1,195 sqft","Dec 31, 1969",$0,37.031433,-122.06801,CA,Single-Family Home,500000,,95018,,18,,For Sale,SANTA CRUZ
35,Trinkling Creek Dr,,,Felton,,"Dec 31, 1969",$0,37.10586,-122.05435,CA,Unspecified,233357,,95018,,2,,For Sale,SANTA CRUZ
36,Sylvan Way,2.0,2.0,Felton,"1,025 sqft","Dec 31, 1969",$0,37.05007,-122.06859,CA,Single-Family Home,484000,,95018,,72,,For Sale,SANTA CRUZ
37,River Ln,1.0,3.0,Felton,"1,120 sqft","Dec 31, 1969",$0,37.03786,-122.06468,CA,Single-Family Home,530868,,95018,,31,,For Sale,SANTA CRUZ
38,Lake Blvd,,,Felton,,"Dec 31, 1969",$0,37.09294,-122.04981,CA,Unspecified,490892,,95018,,6,,For Sale,SANTA CRUZ
