id,address,bathroom,bedroom,city,formattedSqft,lastSaleDate,lastSalePrice,latitude,longitude,stateCode,typeDisplay,price,formattedTruliaEstimate,zipCode,neighborhood,walkScore,transitScore,status,county
1,508 Sago Palm Ter,3.0,3.0,Fremont,"1,409 sqft","Dec 31, 1969",$0,37.461765,-121.91693,CA,Single-Family Home,699000,,94539,East Industrial,28,,For Sale,ALAMEDA
2,38542 Vancouver Cmn,2.5,3.0,Fremont,"1,430 sqft","Dec 31, 1969",$0,37.560658,-121.9805,CA,Townhome,499999,,94536,Parkmont,60,,For Sale,ALAMEDA
3,36360 Magellan Dr,1.0,3.0,Fremont,"1,111 sqft","Dec 31, 1969",$0,37.55486,-122.02406,CA,Single-Family Home,519000,,94536,Cabrillo,51,,For Sale,ALAMEDA
4,3173 Alpine Dr,3.0,4.0,Fremont,"2,678 sqft","Dec 31, 1969",$0,37.58506,-122.04166,CA,Single-Family Home,950000,,94555,Northgate,45,,For Sale,ALAMEDA
5,4018 Rector Cmn,2.0,2.0,Fremont,"1,067 sqft","Dec 31, 1969",$0,37.542255,-121.97826,CA,Apt/Condo/Twnhm,384000,,94538,Sundale,51,,For Sale,ALAMEDA
6,4323 Lombard Ave,4.0,4.0,Fremont,"2,211 sqft","Dec 31, 1969",$0,37.552216,-122.00368,CA,Single-Family Home,1195950,,94536,Glenmoor,65,,For Sale,ALAMEDA
7,3453 Baywood Ter #202,3.0,2.0,Fremont,"1,083 sqft","Dec 31, 1969",$0,37.563652,-122.00712,CA,Condo,388000,,94536,Centerville,71,,For Sale,ALAMEDA
8,1063 Kraftile Rd,4.0,5.0,Fremont,"3,600 sqft","Dec 31, 1969",$0,37.58364,-122.0064,CA,Single-Family Home,1099000,,94536,Niles,25,,For Sale,ALAMEDA
9,34116 Pavia Ter,3.5,3.0,Fremont,"1,387 sqft","Dec 31, 1969",$0,37.560772,-122.06183,CA,Townhome,629888,,94555,Ardenwood,23,,For Sale,ALAMEDA
10,34222 Della Ter,2.5,3.0,Fremont,"1,481 sqft","Dec 31, 1969",$0,37.56106,-122.05781,CA,Single-Family Home,765000,,94555,Ardenwood,37,,For Sale,ALAMEDA
11,39916 Fremont Blvd,2.0,2.0,Fremont,"1,165 sqft","Dec 31, 1969",$0,37.542076,-121.97389,CA,Apt/Condo/Twnhm,355000,,94538,Central Downtown,51,,For Sale,ALAMEDA
12,38684 Kimbro St,3.0,4.0,Fremont,"2,273 sqft","Dec 31, 1969",$0,37.5475,-121.995186,CA,Single-Family Home,1050000,,94536,Glenmoor,71,,For Sale,ALAMEDA
13,40425 Chapel Way #103,2.0,2.0,Fremont,"1,052 sqft","Dec 31, 1969",$0,37.53879,-121.95884,CA,Single-Family Home,315000,,94538,Irvington,63,,For Sale,ALAMEDA
14,42374 Barbary St,2.0,4.0,Fremont,"1,402 sqft","Dec 31, 1969",$0,37.533375,-121.9401,CA,Single-Family Home,939888,,94539,Mission Valley,40,,For Sale,ALAMEDA
15,3881 Burton Cmn,3.0,3.0,Fremont,"1,506 sqft","Dec 31, 1969",$0,37.55414,-121.99679,CA,Condo,599950,,94536,Centerville,66,,For Sale,ALAMEDA
16,867 Boar Ter,6.0,5.0,Fremont,"6,850 sqft","Dec 31, 1969",$0,37.50906,-121.91088,CA,Single-Family Home,8200000,,94539,Vineyards - Avalon,8,,For Sale,ALAMEDA
17,42447 Grand Teton Park St,3.0,4.0,Fremont,"2,103 sqft","Dec 31, 1969",$0,37.520565,-121.969444,CA,Single-Family Home,745000,,94538,Blacow,49,,For Sale,ALAMEDA
18,38053 Canyon Heights Dr,2.0,3.0,Fremont,922 sqft,"Dec 31, 1969",$0,37.584282,-121.96168,CA,Single-Family Home,559950,,94536,Canyon Heights - Vallejo Mills,12,,For Sale,ALAMEDA
19,3549 Lake Ontario Dr,2.0,3.0,Fremont,"1,335 sqft","Dec 31, 1969",$0,37.58749,-122.05562,CA,Single-Family Home,550000,,94555,Lakes and Birds,45,,For Sale,ALAMEDA
20,5118 Vernon Ave,2.0,4.0,Fremont,"1,635 sqft","Dec 31, 1969",$0,37.53834,-122.00453,CA,Single-Family Home,749900,,94536,Glenmoor,46,,For Sale,ALAMEDA
21,430 Panorama Ct,3.0,5.0,Fremont,"2,822 sqft","Dec 31, 1969",$0,37.52365,-121.914795,CA,Single-Family Home,1175000,,94539,Mission Hills,63,,For Sale,ALAMEDA
22,145 E Las Palmas Ave,3.5,5.0,Fremont,"3,478 sqft","Dec 31, 1969",$0,37.55858,-121.94956,CA,Single-Family Home,1855880,,94539,Kimber - Gomes,37,,For Sale,ALAMEDA
23,40336 Dolerita Ave,3.0,4.0,Fremont,"2,515 sqft","Dec 31, 1969",$0,37.556416,-121.94686,CA,Single-Family Home,1399888,,94539,Kimber - Gomes,34,,For Sale,ALAMEDA
24,4388 Fern Ter,3.0,3.0,Fremont,"1,633 sqft","Dec 31, 1969",$0,37.519733,-121.96159,CA,Single-Family Home,769000,,94538,Grimmer,60,,For Sale,ALAMEDA
25,43375 Castle Park Ct,2.0,3.0,Fremont,"1,445 sqft","Dec 31, 1969",$0,37.511772,-121.96497,CA,Single-Family Home,625000,,94538,Blacow,58,,For Sale,ALAMEDA
26,4600 Nelson St,6.0,4.0,Fremont,"3,884 sqft","Dec 31, 1969",$0,37.535946,-121.98375,CA,Single-Family Home,1199999,,94538,Sundale,48,,For Sale,ALAMEDA
27,1566 Blackfoot Dr,3.0,4.0,Fremont,"3,272 sqft","Dec 31, 1969",$0,37.511253,-121.928345,CA,Single-Family Home,1599000,,94539,Weibel,22,,For Sale,ALAMEDA
28,48404 Costa Mesa Ter,5.0,5.0,Fremont,"4,254 sqft","Dec 31, 1969",$0,37.477062,-121.8971,CA,Single-Family Home,1999950,,94539,Vineyards - Avalon,9,,For Sale,ALAMEDA
29,43285 Montrose Ave,2.0,3.0,Fremont,"1,130 sqft","Dec 31, 1969",$0,37.517094,-121.95251,CA,Single-Family Home,650000,,94538,Grimmer,60,,For Sale,ALAMEDA
30,32956 Great Salt Lake Dr,2.0,3.0,Fremont,"1,629 sqft","Dec 31, 1969",$0,37.584934,-122.05755,CA,Single-Family Home,595888,,94555,Lakes and Birds,51,,For Sale,ALAMEDA
31,35522 Ronda Ct,2.0,3.0,Fremont,"1,543 sqft","Dec 31, 1969",$0,37.569603,-122.02424,CA,Single-Family Home,740000,,94536,Brookvale,72,,For Sale,ALAMEDA
32,37844 Mosswood Dr,3.0,3.0,Fremont,"1,661 sqft","Dec 31, 1969",$0,37.546856,-122.00799,CA,Single-Family Home,699950,,94536,Glenmoor,46,,For Sale,ALAMEDA
33,3648 Norfolk Rd,2.0,3.0,Fremont,"1,314 sqft","Dec 31, 1969",$0,37.5144,-121.94941,CA,Single-Family Home,469000,,94538,Grimmer,55,,For Sale,ALAMEDA
34,1530 Washington Blvd,,,Fremont,"3,120 sqft","Dec 31, 1969",$0,37.530594,-121.93714,CA,Single-Family Home,145000,,94539,Cameron Hills,35,,For Sale,ALAMEDA
35,2076 Estates Ter,5.0,5.0,Fremont,"7,800 sqft","Dec 31, 1969",$0,37.496838,-121.90455,CA,Single-Family Home,4680000,,94539,Vineyards - Avalon,8,,For Sale,ALAMEDA
36,2395 Tecado Ter,,,Fremont,,"Dec 31, 1969",$0,37.56663,-121.923805,CA,Lot/Land,1950000,,94539,Kimber - Gomes,0,,For Sale,ALAMEDA
37,38627 Cherry Ln #52,2.0,3.0,Fremont,"1,199 sqft","Dec 31, 1969",$0,37.565502,-121.97237,CA,Apt/Condo/Twnhm,368888,,94536,Cherry - Guardino,48,,For Sale,ALAMEDA
38,49002 Cinnamon Fern Cmn #200,2.0,2.0,Fremont,"1,274 sqft","Dec 31, 1969",$0,37.46167,-121.9141,CA,Condo,598000,,94539,East Industrial,37,,For Sale,ALAMEDA
39,4794 Mallard Cmn,2.5,4.0,Fremont,"1,637 sqft","Dec 31, 1969",$0,37.566418,-122.04604,CA,Single-Family Home,779000,,94555,Ardenwood,46,,For Sale,ALAMEDA
40,118 Mission Tierra Pl,5.0,4.0,Fremont,"3,747 sqft","Dec 31, 1969",$0,37.532692,-121.91878,CA,Single-Family Home,1978888,,94539,Mission San Jose,62,,For Sale,ALAMEDA
41,554 Niles Cmn,3.0,3.0,Fremont,"1,312 sqft","Dec 31, 1969",$0,37.57953,-121.99486,CA,Townhome,545000,,94536,Niles,15,,For Sale,ALAMEDA
42,4555 Meyer Park Cir,3.0,4.0,Fremont,"2,330 sqft","Dec 31, 1969",$0,37.54676,-122.00234,CA,Single-Family Home,945550,,94536,Glenmoor,43,,For Sale,ALAMEDA
43,2290 Camellia Ct,2.0,3.0,Fremont,"1,540 sqft","Dec 31, 1969",$0,37.510864,-121.93613,CA,Single-Family Home,899000,,94539,Weibel,37,,For Sale,ALAMEDA
44,169 Rabbit Ct,3.0,4.0,Fremont,"1,728 sqft","Dec 31, 1969",$0,37.5096,-121.918594,CA,Single-Family Home,929000,,94539,Vineyards - Avalon,14,,For Sale,ALAMEDA
45,3541 Sutton Loop,2.0,3.0,Fremont,"1,996 sqft","Dec 31, 1969",$0,37.557777,-121.99945,CA,Single-Family Home,669000,,94536,Centerville,65,,For Sale,ALAMEDA
46,3854 Main St,2.0,3.0,Fremont,"1,204 sqft","Dec 31, 1969",$0,37.533314,-121.95812,CA,Single-Family Home,549000,,94538,Irvington,75,,For Sale,ALAMEDA
47,37047 Contra Costa Ave,2.0,3.0,Fremont,"1,347 sqft","Dec 31, 1969",$0,37.553852,-122.01446,CA,Single-Family Home,654500,,94536,Centerville,60,,For Sale,ALAMEDA
48,2250 Annapolis Dr,3.0,5.0,Fremont,"2,810 sqft","Dec 31, 1969",$0,37.5195,-121.93669,CA,Single-Family Home,1550000,,94539,Cameron Hills,20,,For Sale,ALAMEDA
49,34213 Gannon Ter,2.5,3.0,Fremont,"1,500 sqft","Dec 31, 1969",$0,37.560886,-122.05888,CA,Single-Family Home,765000,,94555,Ardenwood,37,,For Sale,ALAMEDA
50,428 Sandstone Dr,3.0,3.0,Fremont,"1,416 sqft","Dec 31, 1969",$0,37.585484,-122.00251,CA,Single-Family Home,649950,,94536,Niles,23,,For Sale,ALAMEDA
51,245 Kansas Way,3.5,6.0,Fremont,"2,605 sqft","Dec 31, 1969",$0,37.469563,-121.91529,CA,Single-Family Home,1095000,,94539,Warm Springs,20,,For Sale,ALAMEDA
52,4557 Deerfield Ter,2.0,2.0,Fremont,"1,027 sqft","Dec 31, 1969",$0,37.520935,-121.9671,CA,Townhome,399000,,94538,Grimmer,52,,For Sale,ALAMEDA
53,35959 Gaskell Ct,3.0,5.0,Fremont,"2,118 sqft","Dec 31, 1969",$0,37.56866,-122.018326,CA,Single-Family Home,799950,,94536,Brookvale,63,,For Sale,ALAMEDA
54,4144 Margery Dr,2.0,3.0,Fremont,"1,150 sqft","Dec 31, 1969",$0,37.537144,-121.97211,CA,Single-Family Home,549888,,94538,South Sundale,48,,For Sale,ALAMEDA
55,467 Altura Pl,2.0,4.0,Fremont,"1,822 sqft","Dec 31, 1969",$0,37.570606,-121.95999,CA,Single-Family Home,775000,,94536,Canyon Heights - Vallejo Mills,28,,For Sale,ALAMEDA
56,45212 S Grimmer Blvd,6.0,5.0,Fremont,"5,500 sqft","Dec 31, 1969",$0,37.507202,-121.92435,CA,Single-Family Home,3490000,,94539,Weibel,23,,For Sale,ALAMEDA
57,35966 Carnation Way,2.0,3.0,Fremont,"1,546 sqft","Dec 31, 1969",$0,37.57926,-122.00058,CA,Single-Family Home,699000,,94536,Niles,12,,For Sale,ALAMEDA
58,2397 Marion Ave,6.0,5.0,Fremont,"4,773 sqft","Dec 31, 1969",$0,37.53367,-121.94422,CA,Single-Family Home,1888888,,94539,Mission Valley,40,,For Sale,ALAMEDA
59,5748 Butano Park Dr,2.0,3.0,Fremont,"1,204 sqft","Dec 31, 1969",$0,37.51368,-121.97321,CA,Single-Family Home,599888,,94538,Blacow,57,,For Sale,ALAMEDA
60,43107 Newport Dr,3.0,4.0,Fremont,"1,447 sqft","Dec 31, 1969",$0,37.519333,-121.95077,CA,Single-Family Home,698000,,94538,Grimmer,52,,For Sale,ALAMEDA
61,3478 Fitzsimmons Cmn,3.0,3.0,Fremont,,"Dec 31, 1969",$0,37.54632,-121.9738,CA,Townhome,698888,,94538,Central Downtown,62,,For Sale,ALAMEDA
62,816 Gregory Ct,3.0,5.0,Fremont,"2,811 sqft","Dec 31, 1969",$0,37.505478,-121.92554,CA,Single-Family Home,1498000,,94539,Weibel,28,,For Sale,ALAMEDA
63,49002 Cinnamon Fern Cmn #410,2.0,2.0,Fremont,"1,229 sqft","Dec 31, 1969",$0,37.46167,-121.9141,CA,Condo,588000,,94539,East Industrial,37,,For Sale,ALAMEDA
64,47112 Warm Springs Blvd #138,1.0,2.0,Fremont,900 sqft,"Dec 31, 1969",$0,37.486034,-121.926346,CA,Condo,335000,,94539,Warm Springs,55,,For Sale,ALAMEDA
65,37963 Canterbury St,3.0,5.0,Fremont,"2,005 sqft","Dec 31, 1969",$0,37.55738,-121.996445,CA,Single-Family Home,799000,,94536,Centerville,69,,For Sale,ALAMEDA
66,600 Monticello Ter,10.0,6.0,Fremont,"16,245 sqft","Dec 31, 1969",$0,37.535835,-121.91443,CA,Single-Family Home,9000000,,94539,Mission San Jose,38,,For Sale,ALAMEDA
67,43359 Banda Ter,2.5,3.0,Fremont,"1,987 sqft","Dec 31, 1969",$0,37.525105,-121.93589,CA,Townhome,885000,,94539,Cameron Hills,29,,For Sale,ALAMEDA
68,34089 Gannon Ter,,3.0,Fremont,"1,324 sqft","Dec 31, 1969",$0,37.56253,-122.06115,CA,Single-Family Home,690000,,94555,Ardenwood,25,,For Sale,ALAMEDA
69,3321 Howard Cmn,1.0,2.0,Fremont,900 sqft,"Dec 31, 1969",$0,37.55677,-121.9946,CA,Townhome,368000,,94536,Centerville,58,,For Sale,ALAMEDA
70,39681 Blacow Rd,2.0,3.0,Fremont,"1,067 sqft","Dec 31, 1969",$0,37.530647,-121.98806,CA,Single-Family Home,530000,,94538,28 Palms,45,,For Sale,ALAMEDA
71,4796 Thornton Ave,5.5,,Fremont,"1,200 sqft","Dec 31, 1969",$0,37.550205,-122.01964,CA,Income/Investment,140000,,94536,Centerville,49,,For Sale,ALAMEDA
72,33877 Raven Ter,2.0,2.0,Fremont,"1,315 sqft","Dec 31, 1969",$0,37.579433,-122.045715,CA,Single-Family Home,539950,,94555,Northgate,58,,For Sale,ALAMEDA
73,252 Sequim Cmn,2.0,2.0,Fremont,897 sqft,"Dec 31, 1969",$0,37.490486,-121.924614,CA,Single-Family Home,399999,,94539,Warm Springs,60,,For Sale,ALAMEDA
74,39340 Blacow Rd,2.0,4.0,Fremont,"1,620 sqft","Dec 31, 1969",$0,37.534294,-121.99348,CA,Single-Family Home,629950,,94538,Sundale,57,,For Sale,ALAMEDA
75,33650 Beard Ct,,,Fremont,,"Dec 31, 1969",$0,37.581135,-122.04848,CA,Lot/Land,485000,,94555,Northgate,51,,For Sale,ALAMEDA
76,3530 Oakwood Ter #205,2.0,2.0,Fremont,"1,083 sqft","Dec 31, 1969",$0,37.562702,-122.00766,CA,Condo,385000,,94536,Centerville,71,,For Sale,ALAMEDA
77,786 Towhee Ct,2.0,3.0,Fremont,"1,302 sqft","Dec 31, 1969",$0,37.483543,-121.916756,CA,Single-Family Home,790000,,94539,Warm Springs,28,,For Sale,ALAMEDA
78,39763 Bissy Cmn,2.0,3.0,Fremont,"1,389 sqft","Dec 31, 1969",$0,37.542255,-121.97826,CA,Apt/Condo/Twnhm,425000,,94538,Sundale,51,,For Sale,ALAMEDA
79,33032 Lake Huron St,2.0,4.0,Fremont,"1,629 sqft","Dec 31, 1969",$0,37.585693,-122.055466,CA,Single-Family Home,565000,,94555,Lakes and Birds,42,,For Sale,ALAMEDA
80,35952 Cabrillo Dr,2.0,3.0,Fremont,"1,707 sqft","Dec 31, 1969",$0,37.55883,-122.02814,CA,Single-Family Home,599888,,94536,Cabrillo,40,,For Sale,ALAMEDA
81,331 D St,2.0,3.0,Fremont,"1,144 sqft","Dec 31, 1969",$0,37.57609,-121.98704,CA,Single-Family Home,589000,,94536,Niles,48,,For Sale,ALAMEDA
82,43661 Southerland Way,3.0,4.0,Fremont,"2,308 sqft","Dec 31, 1969",$0,37.520447,-121.933334,CA,Single-Family Home,1348000,,94539,Cameron Hills,17,,For Sale,ALAMEDA
83,212 Black Mountain Cir,2.5,3.0,Fremont,"2,132 sqft","Dec 31, 1969",$0,37.587463,-122.00171,CA,Single-Family Home,855000,,94536,Niles,26,,For Sale,ALAMEDA
84,3021 Wolsey Pl,3.0,4.0,Fremont,"1,673 sqft","Dec 31, 1969",$0,37.585278,-122.03903,CA,Single-Family Home,799888,,94555,Northgate,49,,For Sale,ALAMEDA
85,32808 Bluebird Loop,3.0,3.0,Fremont,"2,008 sqft","Dec 31, 1969",$0,37.583916,-122.06175,CA,Single-Family Home,995000,,94555,Lakes and Birds,54,,For Sale,ALAMEDA
86,34557 Melissa Ter,3.0,3.0,Fremont,"1,571 sqft","Dec 31, 1969",$0,37.55384,-122.05853,CA,Single-Family Home,710000,,94555,Ardenwood,55,,For Sale,ALAMEDA
87,39611 Canyon Heights Dr,3.0,4.0,Fremont,"2,515 sqft","Dec 31, 1969",$0,37.562763,-121.9519,CA,Single-Family Home,1498998,,94539,Kimber - Gomes,32,,For Sale,ALAMEDA
88,354 Sequim Cmn,2.0,2.0,Fremont,897 sqft,"Dec 31, 1969",$0,37.490456,-121.92524,CA,Condo,419999,,94539,Warm Springs,60,,For Sale,ALAMEDA
89,354 Sequim Cmn,2.0,2.0,Fremont,897 sqft,"Dec 31, 1969",$0,37.490456,-121.92524,CA,Condo,419999,,94539,Warm Springs,60,,For Sale,ALAMEDA
90,47646 Mardis St,2.0,3.0,Fremont,"1,234 sqft","Dec 31, 1969",$0,37.479122,-121.92226,CA,Single-Family Home,888000,,94539,Warm Springs,29,,For Sale,ALAMEDA
91,Alta Court and Keystone Drive,4.0,4.0,Fremont,"2,800 sqft","Dec 31, 1969",$0,37.542355,-122.01244,CA,Single-Family Home,895000,,94536,Glenmoor,60,,For Sale,ALAMEDA
92,49019 Feather Grass Ter,2.5,3.0,Fremont,"1,785 sqft","Dec 31, 1969",$0,37.46058,-121.917786,CA,Single-Family Home,788000,,94539,East Industrial,28,,For Sale,ALAMEDA
93,48951 Tonalea St,3.0,4.0,Fremont,"1,655 sqft","Dec 31, 1969",$0,37.46253,-121.9133,CA,Single-Family Home,938000,,94539,Warm Springs,32,,For Sale,ALAMEDA
94,4158 Jacinto Dr,2.0,3.0,Fremont,"1,484 sqft","Dec 31, 1969",$0,37.564903,-122.025475,CA,Single-Family Home,615000,,94536,Cabrillo,72,,For Sale,ALAMEDA
95,315 Dana St,4.0,4.0,Fremont,"3,310 sqft","Dec 31, 1969",$0,37.531265,-121.92306,CA,Single-Family Home,1758000,,94539,Mission San Jose,57,,For Sale,ALAMEDA
96,38228 Paseo Padre Pkwy #15,1.0,1.0,Fremont,750 sqft,"Dec 31, 1969",$0,37.558777,-121.99033,CA,Apt/Condo/Twnhm,229000,,94536,Parkmont,54,,For Sale,ALAMEDA
97,43453 Laurel Glen Cmn,2.0,3.0,Fremont,"1,961 sqft","Dec 31, 1969",$0,37.52909,-121.92693,CA,Single-Family Home,1249000,,94539,Mission San Jose,46,,For Sale,ALAMEDA
98,45910 Sentinel Pl,3.0,4.0,Fremont,"2,726 sqft","Dec 31, 1969",$0,37.501846,-121.912766,CA,Single-Family Home,1899950,,94539,Vineyards - Avalon,8,,For Sale,ALAMEDA
99,4569 De Silva St,2.0,4.0,Fremont,"1,686 sqft","Dec 31, 1969",$0,37.530273,-121.97522,CA,Single-Family Home,650000,,94538,South Sundale,49,,For Sale,ALAMEDA
100,3150 Raleigh Ct,2.0,4.0,Fremont,"1,402 sqft","Dec 31, 1969",$0,37.57884,-122.03139,CA,Single-Family Home,659000,,94555,Northgate,49,,For Sale,ALAMEDA
101,1520 Barlow Ct,2.0,3.0,Fremont,"1,938 sqft","Dec 31, 1969",$0,37.562145,-121.982155,CA,Single-Family Home,758900,,94536,Parkmont,55,,For Sale,ALAMEDA
102,4792 Valpey Park Ave,2.0,3.0,Fremont,"1,242 sqft","Dec 31, 1969",$0,37.519707,-121.967636,CA,Townhome,459990,,94538,Grimmer,52,,For Sale,ALAMEDA
103,45335 Whitetail Ct,3.0,5.0,Fremont,"3,166 sqft","Dec 31, 1969",$0,37.50801,-121.91555,CA,Single-Family Home,1596000,,94539,Vineyards - Avalon,11,,For Sale,ALAMEDA
104,3300 Wolcott Cmn #218,2.0,2.0,Fremont,"1,013 sqft","Dec 31, 1969",$0,37.537746,-121.95786,CA,Apt/Condo/Twnhm,368000,,94538,Irvington,63,,For Sale,ALAMEDA
105,4575 Glenmoor Ct,3.0,3.0,Fremont,"2,198 sqft","Dec 31, 1969",$0,37.54699,-122.005516,CA,Single-Family Home,979999,,94536,Glenmoor,43,,For Sale,ALAMEDA
106,3233 Sutton Ct,3.0,5.0,Fremont,"2,534 sqft","Dec 31, 1969",$0,37.56024,-121.99742,CA,Single-Family Home,899950,,94536,Centerville,51,,For Sale,ALAMEDA
107,5756 Butano Park Dr,2.0,4.0,Fremont,"1,804 sqft","Dec 31, 1969",$0,37.51353,-121.97314,CA,Single-Family Home,688888,,94538,Blacow,57,,For Sale,ALAMEDA
108,3464 Turner Ct,2.0,4.0,Fremont,,"Dec 31, 1969",$0,37.564632,-122.00893,CA,Single-Family Home,649888,,94536,Brookvale,72,,For Sale,ALAMEDA
109,4081 Delaware Dr,4.0,6.0,Fremont,"1,604 sqft","Dec 31, 1969",$0,37.51884,-121.956215,CA,Single-Family Home,749000,,94538,Grimmer,55,,For Sale,ALAMEDA
110,34840 Fremont Blvd,1.0,2.0,Fremont,,"Dec 31, 1969",$0,37.5717,-122.03331,CA,Single-Family Home,700000,,94555,Northgate,58,,For Sale,ALAMEDA
111,4773 Balboa Way,2.0,3.0,Fremont,"1,163 sqft","Dec 31, 1969",$0,37.55216,-122.02148,CA,Single-Family Home,499000,,94536,Cabrillo,,,For Sale,ALAMEDA
112,4648 Balboa Way,2.0,2.0,Fremont,,"Dec 31, 1969",$0,37.553715,-122.018974,CA,Townhome,300000,,94536,Cabrillo,49,,For Sale,ALAMEDA
113,34387 Atteridge Ct,2.0,3.0,Fremont,"1,305 sqft","Dec 31, 1969",$0,37.579998,-122.03413,CA,Single-Family Home,629950,,94555,Northgate,,,For Sale,ALAMEDA
114,47618 Gable Cmn,3.0,3.0,Fremont,"2,411 sqft","Dec 31, 1969",$0,37.483433,-121.914406,CA,Single-Family Home,1208888,,94539,Warm Springs,32,,For Sale,ALAMEDA
115,3876 Wildflower Cmn,2.5,3.0,Fremont,"1,352 sqft","Dec 31, 1969",$0,37.52562,-121.95688,CA,Single-Family Home,498000,,94538,Irvington,72,,For Sale,ALAMEDA
116,100 Jacaranda Dr,3.0,4.0,Fremont,"2,461 sqft","Dec 31, 1969",$0,37.55027,-121.94243,CA,Single-Family Home,1450000,,94539,Kimber - Gomes,26,,For Sale,ALAMEDA
117,33630 Harrier Ter,2.0,4.0,Fremont,"1,853 sqft","Dec 31, 1969",$0,37.581924,-122.04724,CA,Single-Family Home,699950,,94555,Northgate,49,,For Sale,ALAMEDA
118,42254 Blacow Rd,2.0,3.0,Fremont,"1,150 sqft","Dec 31, 1969",$0,37.52445,-121.95569,CA,Single-Family Home,675000,,94538,Irvington,60,,For Sale,ALAMEDA
119,613 Amberfield Ter,2.5,4.0,Fremont,"1,740 sqft","Dec 31, 1969",$0,37.56715,-121.97491,CA,Single-Family Home,780000,,94536,Parkmont,40,,For Sale,ALAMEDA
120,39372 Blacow Rd,3.0,4.0,Fremont,"1,763 sqft","Dec 31, 1969",$0,37.53394,-121.99279,CA,Single-Family Home,759000,,94538,Sundale,69,,For Sale,ALAMEDA
121,161 Whitney Pl,,,Fremont,,"Dec 31, 1969",$0,37.470287,-121.91975,CA,Unspecified,2250000,,94539,East Industrial,17,,For Sale,ALAMEDA
122,36021 Blair Pl,2.0,3.0,Fremont,"1,523 sqft","Dec 31, 1969",$0,37.56683,-122.01973,CA,Single-Family Home,749950,,94536,Brookvale,72,,For Sale,ALAMEDA
123,4792 Valpey Park Ave,6.0,3.0,Fremont,,"Dec 31, 1969",$0,37.519707,-121.967636,CA,Apt/Condo/Twnhm,459990,,94538,Grimmer,52,,For Sale,ALAMEDA
124,1322 Ocaso Camino,3.5,3.0,Fremont,,"Dec 31, 1969",$0,37.524097,-121.931335,CA,Condo,909950,,94539,Cameron Hills,28,,For Sale,ALAMEDA
125,34826 Fremont Blvd,,,Fremont,,"Dec 31, 1969",$0,37.5722,-122.033134,CA,Lot/Land,1800000,,94555,Northgate,60,,For Sale,ALAMEDA
126,3300 Wolcott Cmn #102,2.0,2.0,Fremont,"1,013 sqft","Dec 31, 1969",$0,37.537746,-121.95786,CA,Apt/Condo/Twnhm,360000,,94538,Irvington,63,,For Sale,ALAMEDA
127,38376 Blacow Rd,2.0,3.0,Fremont,"1,871 sqft","Dec 31, 1969",$0,37.54075,-122.00623,CA,Single-Family Home,769000,,94536,Glenmoor,42,,For Sale,ALAMEDA
128,3582 Ellery Cmn,3.0,3.0,Fremont,,"Dec 31, 1969",$0,37.546875,-121.976685,CA,Single-Family Home,668000,,94538,Central Downtown,65,,For Sale,ALAMEDA
129,39029 Guardino Dr #215,2.0,2.0,Fremont,"1,053 sqft","Dec 31, 1969",$0,37.55858,-121.9716,CA,Apt/Condo/Twnhm,370000,,94538,Central Downtown,52,,For Sale,ALAMEDA
130,Residence One Plan,3.0,3.0,Fremont,"1,644 sqft","Dec 31, 1969",$0,37.54045,-121.96001,CA,Single-Family Home,684990,,94538,Irvington,83,,For Sale,ALAMEDA
131,Residence One Plan,2.5,2.0,Fremont,"1,246 sqft","Dec 31, 1969",$0,37.55943,-122.06304,CA,Townhome,576990,,94538,Ardenwood,28,,For Sale,ALAMEDA
132,Residence Three Plan,3.5,4.0,Fremont,"2,094 sqft","Dec 31, 1969",$0,37.54045,-121.96001,CA,Single-Family Home,769990,,94538,Irvington,83,,For Sale,ALAMEDA
133,Residence Two Plan,2.5,3.0,Fremont,"1,712 sqft","Dec 31, 1969",$0,37.54045,-121.96001,CA,Single-Family Home,713990,,94538,Irvington,83,,For Sale,ALAMEDA
134,4792 Valpey Park Ave,2.0,3.0,Fremont,"1,242 sqft","Dec 31, 1969",$0,37.519707,-121.967636,CA,Townhome,450000,,94538,Grimmer,55,,For Sale,ALAMEDA
135,Residence Two Plan,3.5,3.0,Fremont,"1,617 sqft","Dec 31, 1969",$0,37.55943,-122.06304,CA,Townhome,691990,,94538,Ardenwood,28,,For Sale,ALAMEDA
136,Residence Four Plan,3.5,4.0,Fremont,"1,969 sqft","Dec 31, 1969",$0,37.55943,-122.06304,CA,Townhome,751990,,94538,Ardenwood,28,,For Sale,ALAMEDA
137,1161 Highland Ter,9.5,6.0,Fremont,"10,253 sqft","Dec 31, 1969",$0,37.517216,-121.90848,CA,Single-Family Home,4239000,,94539,Mission Hills,8,,For Sale,ALAMEDA
138,45120 S Grimmer Blvd,4.0,6.0,Fremont,"3,680 sqft","Dec 31, 1969",$0,37.507423,-121.9275,CA,Single-Family Home,1899000,,94539,Weibel,28,,For Sale,ALAMEDA
139,Residence Three Plan,3.5,3.0,Fremont,"1,701 sqft","Dec 31, 1969",$0,37.55943,-122.06304,CA,Townhome,718990,,94538,Ardenwood,28,,For Sale,ALAMEDA
140,Mill Creek Rd,,,Fremont,,"Dec 31, 1969",$0,37.53781,-121.921861,CA,Lot/Land,3599000,,94539,,,,For Sale,ALAMEDA
141,338 Summerwood Dr,3.0,4.0,Fremont,"1,789 sqft","Dec 31, 1969",$0,37.585922,-122.00105,CA,Single-Family Home,759000,,94536,Niles,26,,For Sale,ALAMEDA
142,2909 Grapevine Ter,4.0,4.0,Fremont,"3,300 sqft","Dec 31, 1969",$0,37.512356,-121.903435,CA,Single-Family Home,3500000,,94539,Vineyards - Avalon,0,,For Sale,ALAMEDA
143,44850 S Grimmer Blvd #5C,,,Fremont,"1,296 sqft","Dec 31, 1969",$0,37.503464,-121.94539,CA,Income/Investment,319900,,94538,East Industrial,38,,For Sale,ALAMEDA
144,44848 S Grimmer Blvd #4C,,,Fremont,"1,284 sqft","Dec 31, 1969",$0,37.50345,-121.945435,CA,Income/Investment,310000,,94538,East Industrial,38,,For Sale,ALAMEDA
145,46560 Fremont Blvd #105,,,Fremont,,"Dec 31, 1969",$0,37.48298,-121.94467,CA,Unspecified,399988,,94538,Baylands,35,,For Sale,ALAMEDA
146,35041 Fremont Blvd,,,Fremont,,"Dec 31, 1969",$0,37.570217,-122.032074,CA,Income/Investment,499950,,94536,Cabrillo,57,,For Sale,ALAMEDA
147,33399 Sandpiper Pl,,,Fremont,,"Dec 31, 1969",$0,37.575825,-122.06007,CA,Lot/Land,1700000,,94555,Lakes and Birds,35,,For Sale,ALAMEDA
148,Mill Creek Rd,,,Fremont,,"Dec 31, 1969",$0,37.53781,-121.921861,CA,Lot/Land,3599000,,94539,,,,For Sale,ALAMEDA
149,Sausalito Ter,2.0,3.0,Fremont,"1,555 sqft","Dec 31, 1969",$0,37.56969,-122.03398,CA,Condo,147000,,94555,Northgate,54,,For Sale,ALAMEDA
150,Reynolds Dr,2.0,4.0,Fremont,"2,448 sqft","Dec 31, 1969",$0,37.56773,-122.008224,CA,Single-Family Home,377500,,94536,Brookvale,55,,For Sale,ALAMEDA
151,38940 Godfrey Pl,2.0,4.0,Fremont,"1,409 sqft","Dec 31, 1969",$0,37.564556,-121.96477,CA,Single-Family Home,599950,,94536,Cherry - Guardino,40,,For Sale,ALAMEDA
152,Torres Ave,2.0,4.0,Fremont,"1,740 sqft","Dec 31, 1969",$0,37.559925,-122.01955,CA,Single-Family Home,251500,,94536,Cabrillo,57,,For Sale,ALAMEDA
153,Country Dr #110,1.0,1.0,Fremont,750 sqft,"Dec 31, 1969",$0,37.557392,-121.98656,CA,Condo,225693,,94536,Parkmont,68,,For Sale,ALAMEDA
154,Abbey Ter #131,2.0,2.0,Fremont,823 sqft,"Dec 31, 1969",$0,37.55447,-122.00149,CA,Condo,328000,,94536,Glenmoor,68,,For Sale,ALAMEDA
155,Canyon Heights Dr,2.0,3.0,Fremont,"1,494 sqft","Dec 31, 1969",$0,37.57624,-121.960236,CA,Single-Family Home,504000,,94536,Canyon Heights - Vallejo Mills,29,,For Sale,ALAMEDA
156,Morris Way,2.0,3.0,Fremont,"1,080 sqft","Dec 31, 1969",$0,37.545067,-122.019356,CA,Single-Family Home,470777,,94536,Centerville,49,,For Sale,ALAMEDA
157,Quadres Ct,2.0,3.0,Fremont,"1,473 sqft","Dec 31, 1969",$0,37.53823,-121.99435,CA,Single-Family Home,312000,,94538,Sundale,58,,For Sale,ALAMEDA
158,Serramonte Ter,2.0,3.0,Fremont,"1,440 sqft","Dec 31, 1969",$0,37.57762,-121.99216,CA,Condo,201000,,94536,Niles,29,,For Sale,ALAMEDA
159,Marbella Ter #2Q,3.0,2.0,Fremont,"1,578 sqft","Dec 31, 1969",$0,37.55925,-121.96689,CA,Condo,350000,,94538,Cherry - Guardino,38,,For Sale,ALAMEDA
160,Benchmark Ave,2.0,3.0,Fremont,"1,562 sqft","Dec 31, 1969",$0,37.56218,-121.99286,CA,Single-Family Home,170000,,94536,Parkmont,40,,For Sale,ALAMEDA
161,Hughes Pl,2.0,3.0,Fremont,"1,473 sqft","Dec 31, 1969",$0,37.52766,-121.99288,CA,Single-Family Home,277000,,94538,28 Palms,57,,For Sale,ALAMEDA
162,Gadwall Cmn,2.0,2.0,Fremont,"1,405 sqft","Dec 31, 1969",$0,37.57444,-122.04371,CA,Condo,263319,,94555,Northgate,58,,For Sale,ALAMEDA
163,Yuba Ct,2.0,4.0,Fremont,"1,701 sqft","Dec 31, 1969",$0,37.534348,-121.99002,CA,Single-Family Home,404500,,94538,Sundale,52,,For Sale,ALAMEDA
164,Jamaica Ter,1.0,3.0,Fremont,"1,092 sqft","Dec 31, 1969",$0,37.5721,-122.038666,CA,Condo,255000,,94555,Northgate,58,,For Sale,ALAMEDA
165,36239 Gibraltar Ct,3.0,4.0,Fremont,"2,512 sqft","Dec 31, 1969",$0,37.559322,-122.023445,CA,Single-Family Home,758888,,94536,Cabrillo,57,,For Sale,ALAMEDA
166,Guardino Dr #177,1.0,1.0,Fremont,693 sqft,"Dec 31, 1969",$0,37.557507,-121.96975,CA,Condo,279516,,94538,Central Downtown,55,,For Sale,ALAMEDA
167,Larch Way,3.0,5.0,Fremont,"2,304 sqft","Dec 31, 1969",$0,37.578964,-121.99703,CA,Single-Family Home,128000,,94536,Niles,12,,For Sale,ALAMEDA
168,Benns Ter,1.0,1.0,Fremont,675 sqft,"Dec 31, 1969",$0,37.487213,-121.924164,CA,Condo,47900,,94539,Warm Springs,55,,For Sale,ALAMEDA
169,Harrisburg Ave,3.0,4.0,Fremont,"2,187 sqft","Dec 31, 1969",$0,37.57348,-122.01358,CA,Single-Family Home,248120,,94536,Brookvale,34,,For Sale,ALAMEDA
170,Kathryn Ct,2.0,3.0,Fremont,"1,456 sqft","Dec 31, 1969",$0,37.53954,-121.99959,CA,Single-Family Home,340000,,94536,Glenmoor,54,,For Sale,ALAMEDA
171,Crown Ridge Cmn,3.0,3.0,Fremont,"3,442 sqft","Dec 31, 1969",$0,37.471928,-121.89333,CA,Single-Family Home,894000,,94539,Vineyards - Avalon,5,,For Sale,ALAMEDA
172,San Pedro Dr,2.0,3.0,Fremont,"1,148 sqft","Dec 31, 1969",$0,37.552483,-122.02564,CA,Single-Family Home,312000,,94536,Cabrillo,43,,For Sale,ALAMEDA
173,Stevenson Blvd #132,1.0,1.0,Fremont,721 sqft,"Dec 31, 1969",$0,37.544918,-121.97315,CA,Condo,209950,,94538,Central Downtown,55,,For Sale,ALAMEDA
174,Avalon Heights Ter,3.0,4.0,Fremont,"3,083 sqft","Dec 31, 1969",$0,37.485195,-121.89995,CA,Single-Family Home,729750,,94539,Vineyards - Avalon,9,,For Sale,ALAMEDA
175,Stenhammer Dr,4.0,5.0,Fremont,"3,232 sqft","Dec 31, 1969",$0,37.58421,-121.962326,CA,Single-Family Home,861838,,94536,Canyon Heights - Vallejo Mills,12,,For Sale,ALAMEDA
176,Gadwall Cmn,2.0,2.0,Fremont,"1,405 sqft","Dec 31, 1969",$0,37.575603,-122.046,CA,Condo,427200,,94555,Northgate,63,,For Sale,ALAMEDA
177,Logan Dr,3.0,5.0,Fremont,"2,345 sqft","Dec 31, 1969",$0,37.54926,-122.00646,CA,Single-Family Home,715000,,94536,Glenmoor,49,,For Sale,ALAMEDA
178,Hilo St,2.0,3.0,Fremont,"1,686 sqft","Dec 31, 1969",$0,37.52499,-121.97992,CA,Single-Family Home,552000,,94538,Blacow,48,,For Sale,ALAMEDA
179,Tuxedo Cmn,2.0,2.0,Fremont,"1,102 sqft","Dec 31, 1969",$0,37.562138,-122.04619,CA,Condo,487077,,94555,Ardenwood,48,,For Sale,ALAMEDA
180,Royal Ann Cmn,1.0,2.0,Fremont,"1,008 sqft","Dec 31, 1969",$0,37.566875,-121.97023,CA,Condo,259000,,94536,Cherry - Guardino,40,,For Sale,ALAMEDA
181,Lundy Ter,2.0,2.0,Fremont,"1,096 sqft","Dec 31, 1969",$0,37.488754,-121.92496,CA,Condo,352700,,94539,Warm Springs,55,,For Sale,ALAMEDA
182,Malta Pl,3.0,3.0,Fremont,"2,160 sqft","Dec 31, 1969",$0,37.56283,-122.02212,CA,Single-Family Home,615859,,94536,Cabrillo,71,,For Sale,ALAMEDA
183,Chaplin Dr,3.0,4.0,Fremont,"2,402 sqft","Dec 31, 1969",$0,37.576527,-122.01389,CA,Single-Family Home,700360,,94536,Brookvale,32,,For Sale,ALAMEDA
184,Meadowbrook Cmn #204,1.0,1.0,Fremont,936 sqft,"Dec 31, 1969",$0,37.564026,-122.00744,CA,Condo,296000,,94536,Centerville,71,,For Sale,ALAMEDA
185,Via Oporto,2.0,3.0,Fremont,"1,188 sqft","Dec 31, 1969",$0,37.53779,-121.92319,CA,Condo,680368,,94539,Mission San Jose,49,,For Sale,ALAMEDA
186,Tyson Ln #209B,2.0,2.0,Fremont,"1,178 sqft","Dec 31, 1969",$0,37.562057,-121.97438,CA,Condo,502298,,94536,Cherry - Guardino,42,,For Sale,ALAMEDA
187,Locke Ave,2.0,3.0,Fremont,"1,382 sqft","Dec 31, 1969",$0,37.58255,-122.03091,CA,Single-Family Home,488000,,94555,Northgate,52,,For Sale,ALAMEDA
188,3rd St,1.0,2.0,Fremont,708 sqft,"Dec 31, 1969",$0,37.575466,-121.98246,CA,Single-Family Home,400000,,94536,Niles,60,,For Sale,ALAMEDA
189,Cherry Ln #220,1.0,3.0,Fremont,"1,199 sqft","Dec 31, 1969",$0,37.566254,-121.97109,CA,Condo,554618,,94536,Cherry - Guardino,40,,For Sale,ALAMEDA
190,Sutter Dr,2.0,3.0,Fremont,996 sqft,"Dec 31, 1969",$0,37.53724,-121.99455,CA,Single-Family Home,433891,,94538,Sundale,58,,For Sale,ALAMEDA
191,Pizarro Dr,2.0,3.0,Fremont,"1,528 sqft","Dec 31, 1969",$0,37.55664,-122.02873,CA,Single-Family Home,589004,,94536,Cabrillo,42,,For Sale,ALAMEDA
192,Hamilton Way,2.0,3.0,Fremont,"1,156 sqft","Dec 31, 1969",$0,37.521313,-121.95569,CA,Single-Family Home,508263,,94538,Grimmer,57,,For Sale,ALAMEDA
193,Lindenwood St,1.0,3.0,Fremont,950 sqft,"Dec 31, 1969",$0,37.51702,-121.9586,CA,Single-Family Home,528535,,94538,Grimmer,66,,For Sale,ALAMEDA
194,39619 Lahana Way,2.0,3.0,Fremont,"1,220 sqft","Dec 31, 1969",$0,37.528885,-121.99219,CA,Single-Family Home,619000,,94538,28 Palms,57,,For Sale,ALAMEDA
195,Stevenson Blvd #322,,,Fremont,,"Dec 31, 1969",$0,37.54517,-121.97312,CA,Unspecified,479900,,94538,Central Downtown,55,,For Sale,ALAMEDA
196,35653 Beeching Ln,4.0,5.0,Fremont,,"Dec 31, 1969",$0,37.57733,-122.01131,CA,Single-Family Home,1299000,,94536,Brookvale,,,For Sale,ALAMEDA
197,Mayten Way,1.0,3.0,Fremont,"1,000 sqft","Dec 31, 1969",$0,37.471058,-121.91616,CA,Single-Family Home,290500,,94539,Warm Springs,18,,For Sale,ALAMEDA
198,Paloma Ter,2.0,3.0,Fremont,"1,440 sqft","Dec 31, 1969",$0,37.579155,-121.99344,CA,Condo,561726,,94536,Niles,18,,For Sale,ALAMEDA
199,Guardino Dr #111,,,Fremont,,"Dec 31, 1969",$0,37.55871,-121.97064,CA,Unspecified,370000,,94538,Central Downtown,52,,For Sale,ALAMEDA
200,Stevenson Blvd #304,,,Fremont,,"Dec 31, 1969",$0,37.543365,-121.97294,CA,Unspecified,29280,,94538,Central Downtown,55,,For Sale,ALAMEDA
201,Redwood Ter,2.0,2.0,Fremont,"1,400 sqft","Dec 31, 1969",$0,37.565434,-121.97735,CA,Single-Family Home,442000,,94536,Parkmont,40,,For Sale,ALAMEDA
202,Sequoia Rd,1.0,1.0,Fremont,593 sqft,"Dec 31, 1969",$0,37.563232,-122.002335,CA,Condo,304900,,94536,Centerville,66,,For Sale,ALAMEDA
203,Praderia Cir,2.0,2.0,Fremont,"1,364 sqft","Dec 31, 1969",$0,37.51907,-121.923035,CA,Single-Family Home,738528,,94539,Mission San Jose,23,,For Sale,ALAMEDA
204,Wenatchee Cmn,,,Fremont,,"Dec 31, 1969",$0,37.488647,-121.92679,CA,Unspecified,128700,,94539,Warm Springs,57,,For Sale,ALAMEDA
205,Cabrillo Dr,2.0,4.0,Fremont,"1,563 sqft","Dec 31, 1969",$0,37.550613,-122.01472,CA,Single-Family Home,631536,,94536,Centerville,52,,For Sale,ALAMEDA
206,Garrick Pl,2.0,3.0,Fremont,"1,781 sqft","Dec 31, 1969",$0,37.585354,-122.03763,CA,Single-Family Home,767658,,94555,Northgate,48,,For Sale,ALAMEDA
207,Margery Ct,2.0,3.0,Fremont,"1,148 sqft","Dec 31, 1969",$0,37.534355,-121.97592,CA,Single-Family Home,570459,,94538,South Sundale,40,,For Sale,ALAMEDA
208,Sherwood St,2.0,3.0,Fremont,"1,118 sqft","Dec 31, 1969",$0,37.526924,-121.96428,CA,Single-Family Home,762776,,94538,Irvington,65,,For Sale,ALAMEDA
209,Hamilton Way,2.0,3.0,Fremont,"1,156 sqft","Dec 31, 1969",$0,37.522606,-121.95645,CA,Single-Family Home,580300,,94538,Grimmer,62,,For Sale,ALAMEDA
210,Atteridge Ct,2.0,3.0,Fremont,"1,305 sqft","Dec 31, 1969",$0,37.58023,-122.03405,CA,Single-Family Home,487500,,94555,Northgate,52,,For Sale,ALAMEDA
211,Cherry Ln #48,,,Fremont,929 sqft,"Dec 31, 1969",$0,37.566254,-121.97109,CA,Condo,554618,,94536,Cherry - Guardino,40,,For Sale,ALAMEDA
212,Lindsay Mcdermott Ln,1.0,2.0,Fremont,906 sqft,"Dec 31, 1969",$0,37.53722,-121.97787,CA,Condo,329000,,94538,Sundale,35,,For Sale,ALAMEDA
213,Avila Ter #1R,2.0,2.0,Fremont,"1,056 sqft","Dec 31, 1969",$0,37.559532,-121.96718,CA,Condo,494708,,94538,Cherry - Guardino,43,,For Sale,ALAMEDA
214,Red Cedar Ter #225,,,Fremont,,"Dec 31, 1969",$0,37.56233,-122.00414,CA,Unspecified,374900,,94536,Centerville,65,,For Sale,ALAMEDA
215,Purcell Pl,2.0,3.0,Fremont,"1,576 sqft","Dec 31, 1969",$0,37.56951,-122.02304,CA,Single-Family Home,655684,,94536,Brookvale,72,,For Sale,ALAMEDA
216,Hillside Ct,3.0,5.0,Fremont,"2,594 sqft","Dec 31, 1969",$0,37.584682,-121.99659,CA,Single-Family Home,973504,,94536,Niles,12,,For Sale,ALAMEDA
217,40849 High St,,,Fremont,,"Dec 31, 1969",$0,37.5366,-121.959114,CA,Lot/Land,2500000,,94538,Irvington,74,,For Sale,ALAMEDA
218,Dondero Way,1.0,3.0,Fremont,"1,213 sqft","Dec 31, 1969",$0,37.54915,-122.019775,CA,Single-Family Home,444907,,94536,Centerville,49,,For Sale,ALAMEDA
219,Lassen St,2.0,4.0,Fremont,"1,587 sqft","Dec 31, 1969",$0,37.554844,-122.01409,CA,Single-Family Home,578054,,94536,Centerville,65,,For Sale,ALAMEDA
220,Turner Ct,2.0,3.0,Fremont,"2,362 sqft","Dec 31, 1969",$0,37.564556,-122.00941,CA,Single-Family Home,774249,,94536,Brookvale,71,,For Sale,ALAMEDA
221,Silver Reef,2.0,3.0,Fremont,"1,008 sqft","Dec 31, 1969",$0,37.52922,-121.988594,CA,Single-Family Home,511159,,94538,28 Palms,46,,For Sale,ALAMEDA
222,Contra Costa Ave,2.0,3.0,Fremont,"1,347 sqft","Dec 31, 1969",$0,37.55402,-122.01431,CA,Single-Family Home,594089,,94536,Centerville,60,,For Sale,ALAMEDA
223,Saratoga Park St,2.0,4.0,Fremont,"1,535 sqft","Dec 31, 1969",$0,37.518623,-121.96959,CA,Single-Family Home,548000,,94538,Blacow,49,,For Sale,ALAMEDA
224,Morgan Cmn,3.0,3.0,Fremont,"1,922 sqft","Dec 31, 1969",$0,37.55137,-122.00951,CA,Single-Family Home,724424,,94536,Centerville,57,,For Sale,ALAMEDA
225,Florence Way,2.0,5.0,Fremont,"1,624 sqft","Dec 31, 1969",$0,37.54181,-121.997856,CA,Single-Family Home,696905,,94536,Glenmoor,49,,For Sale,ALAMEDA
226,Barton Dr,1.0,3.0,Fremont,"1,945 sqft","Dec 31, 1969",$0,37.574898,-121.9659,CA,Single-Family Home,150000,,94536,Canyon Heights - Vallejo Mills,48,,For Sale,ALAMEDA
227,3359 Isherwood Way,2.0,4.0,Fremont,"1,714 sqft","Dec 31, 1969",$0,37.569668,-122.01653,CA,Single-Family Home,639000,,94536,Brookvale,52,,For Sale,ALAMEDA
228,Murietta Ter,1.0,4.0,Fremont,"1,312 sqft","Dec 31, 1969",$0,37.54518,-122.01231,CA,Condo,99999,,94536,Glenmoor,51,,For Sale,ALAMEDA
229,Stevenson Blvd #C331,1.0,1.0,Fremont,721 sqft,"Dec 31, 1969",$0,37.54504,-121.97314,CA,Condo,130500,,94538,Central Downtown,60,,For Sale,ALAMEDA
230,Stevenson Blvd #A339,2.0,2.0,Fremont,"1,040 sqft","Dec 31, 1969",$0,37.544796,-121.97317,CA,Condo,236700,,94538,Central Downtown,60,,For Sale,ALAMEDA
231,Sedge St,2.0,3.0,Fremont,"1,871 sqft","Dec 31, 1969",$0,37.582764,-122.0613,CA,Single-Family Home,200000,,94555,Lakes and Birds,52,,For Sale,ALAMEDA
232,Cottonwood St,2.0,3.0,Fremont,"1,574 sqft","Dec 31, 1969",$0,37.476673,-121.914116,CA,Single-Family Home,100000,,94539,Warm Springs,34,,For Sale,ALAMEDA
233,Stevenson Blvd,2.0,2.0,Fremont,"1,040 sqft","Dec 31, 1969",$0,37.543358,-121.97294,CA,Single-Family Home,171600,,94538,Central Downtown,54,,For Sale,ALAMEDA
234,Mobile Ct,2.0,4.0,Fremont,"1,402 sqft","Dec 31, 1969",$0,37.568714,-122.04081,CA,Single-Family Home,150000,,94555,Northgate,49,,For Sale,ALAMEDA
235,Vista Hill Ter,3.0,5.0,Fremont,"4,900 sqft","Dec 31, 1969",$0,37.52232,-121.91211,CA,Single-Family Home,712158,,94539,Mission Hills,34,,For Sale,ALAMEDA
236,Stevenson Blvd #138,2.0,2.0,Fremont,"1,040 sqft","Dec 31, 1969",$0,37.544796,-121.97317,CA,Condo,238500,,94538,Central Downtown,60,,For Sale,ALAMEDA
237,Kansas Way,2.0,3.0,Fremont,"1,787 sqft","Dec 31, 1969",$0,37.47038,-121.91358,CA,Single-Family Home,408291,,94539,Warm Springs,26,,For Sale,ALAMEDA
238,Cherry Glen Cir,2.0,2.0,Fremont,854 sqft,"Dec 31, 1969",$0,37.561356,-121.96955,CA,Unspecified,209000,,94536,Cherry - Guardino,45,,For Sale,ALAMEDA
239,Country Ter,2.0,2.0,Fremont,928 sqft,"Dec 31, 1969",$0,37.5537,-121.98874,CA,Unspecified,232541,,94536,Centerville,69,,For Sale,ALAMEDA
240,Hamilton Way,2.0,3.0,Fremont,"1,156 sqft","Dec 31, 1969",$0,37.523087,-121.9563,CA,Single-Family Home,321000,,94538,Grimmer,62,,For Sale,ALAMEDA
241,Bowling Green Cmn,1.0,3.0,Fremont,"1,166 sqft","Dec 31, 1969",$0,37.57699,-122.03762,CA,Single-Family Home,329250,,94555,Northgate,60,,For Sale,ALAMEDA
242,Mount Vernon Ave,1.0,2.0,Fremont,946 sqft,"Dec 31, 1969",$0,37.551094,-121.985344,CA,Single-Family Home,281213,,94538,Central Downtown,88,,For Sale,ALAMEDA
243,Lake Mask Pl,3.0,5.0,Fremont,"3,230 sqft","Dec 31, 1969",$0,37.59113,-122.05888,CA,Single-Family Home,778150,,94555,,54,,For Sale,ALAMEDA
244,Cherry Ln,,,Fremont,"1,101 sqft","Dec 31, 1969",$0,37.56599,-121.97081,CA,Condo,338033,,94536,Cherry - Guardino,54,,For Sale,ALAMEDA
245,Tan Bark Dr,3.0,3.0,Fremont,"1,933 sqft","Dec 31, 1969",$0,37.558567,-122.06204,CA,Condo,602095,,94555,Ardenwood,34,,For Sale,ALAMEDA
246,Hyde Park Dr,2.0,3.0,Fremont,"1,296 sqft","Dec 31, 1969",$0,37.512295,-121.967705,CA,Single-Family Home,405000,,94538,Blacow,63,,For Sale,ALAMEDA
247,41868 Osgood Rd,,,Fremont,,"Dec 31, 1969",$0,37.529587,-121.951454,CA,Lot/Land,1680000,,94539,Cameron Hills,68,,For Sale,ALAMEDA
248,Fremont Blvd,2.0,2.0,Fremont,"1,165 sqft","Dec 31, 1969",$0,37.54148,-121.974525,CA,Condo,387900,,94538,Central Downtown,57,,For Sale,ALAMEDA
249,Night Shade Ln,2.0,4.0,Fremont,"1,803 sqft","Dec 31, 1969",$0,37.5132,-121.93634,CA,Single-Family Home,417000,,94539,Weibel,38,,For Sale,ALAMEDA
250,Peony Ct,2.0,3.0,Fremont,"1,158 sqft","Dec 31, 1969",$0,37.520412,-121.98127,CA,Single-Family Home,320000,,94538,Blacow,49,,For Sale,ALAMEDA
251,Stevenson Blvd #A345,3.0,3.0,Fremont,"1,319 sqft","Dec 31, 1969",$0,37.544796,-121.97317,CA,Condo,446769,,94538,Central Downtown,58,,For Sale,ALAMEDA
252,Maar Ave,2.0,3.0,Fremont,"2,221 sqft","Dec 31, 1969",$0,37.568874,-121.95877,CA,Single-Family Home,692800,,94536,Canyon Heights - Vallejo Mills,31,,For Sale,ALAMEDA
253,Cherry Ln #217,1.0,2.0,Fremont,938 sqft,"Dec 31, 1969",$0,37.566254,-121.97109,CA,Condo,392685,,94536,Cherry - Guardino,40,,For Sale,ALAMEDA
254,Buttonwood Ter #202,1.0,1.0,Fremont,714 sqft,"Dec 31, 1969",$0,37.56125,-122.00505,CA,Condo,299930,,94536,Centerville,69,,For Sale,ALAMEDA
255,Guardino Dr #110,1.0,1.0,Fremont,693 sqft,"Dec 31, 1969",$0,37.55871,-121.97064,CA,Condo,285593,,94538,Central Downtown,52,,For Sale,ALAMEDA
256,Jerome Ave,1.0,3.0,Fremont,951 sqft,"Dec 31, 1969",$0,37.530178,-121.92529,CA,Single-Family Home,562500,,94539,Mission San Jose,49,,For Sale,ALAMEDA
257,Holly St,1.0,2.0,Fremont,794 sqft,"Dec 31, 1969",$0,37.556427,-122.01169,CA,Single-Family Home,390202,,94536,Centerville,71,,For Sale,ALAMEDA
258,Tanager Cmn,2.0,2.0,Fremont,990 sqft,"Dec 31, 1969",$0,37.574642,-122.04604,CA,Condo,332000,,94555,Northgate,58,,For Sale,ALAMEDA
259,Bolina Ter,2.0,4.0,Fremont,"1,474 sqft","Dec 31, 1969",$0,37.55474,-122.0187,CA,Condo,473762,,94536,Cabrillo,63,,For Sale,ALAMEDA
260,Cassio Cir,2.0,3.0,Fremont,"1,480 sqft","Dec 31, 1969",$0,37.575356,-122.05111,CA,Single-Family Home,477200,,94555,Ardenwood,49,,For Sale,ALAMEDA
261,Antone Rd,2.0,6.0,Fremont,"1,755 sqft","Dec 31, 1969",$0,37.51508,-121.97325,CA,Single-Family Home,542000,,94538,Blacow,54,,For Sale,ALAMEDA
262,Red Cedar Ter,1.0,2.0,Fremont,840 sqft,"Dec 31, 1969",$0,37.562298,-122.00323,CA,Condo,272876,,94536,Centerville,60,,For Sale,ALAMEDA
263,Meadowbrook Cmn #104,1.0,1.0,Fremont,936 sqft,"Dec 31, 1969",$0,37.56124,-122.00643,CA,Condo,331616,,94536,Centerville,71,,For Sale,ALAMEDA
264,Sequoia Rd,1.0,1.0,Fremont,593 sqft,"Dec 31, 1969",$0,37.563274,-122.00234,CA,Condo,224720,,94536,Centerville,65,,For Sale,ALAMEDA
265,Abbey Ter #106,1.0,1.0,Fremont,674 sqft,"Dec 31, 1969",$0,37.55447,-122.00149,CA,Condo,260000,,94536,Glenmoor,66,,For Sale,ALAMEDA
266,Buckner Ter,2.0,4.0,Fremont,"1,762 sqft","Dec 31, 1969",$0,37.563248,-122.058784,CA,Single-Family Home,597600,,94555,Ardenwood,32,,For Sale,ALAMEDA
267,Spruce Ter,1.0,1.0,Fremont,593 sqft,"Dec 31, 1969",$0,37.56166,-122.004,CA,Condo,239920,,94536,Centerville,71,,For Sale,ALAMEDA
268,Los Arboles Pl,2.0,4.0,Fremont,"1,583 sqft","Dec 31, 1969",$0,37.544693,-122.0095,CA,Single-Family Home,515000,,94536,Glenmoor,49,,For Sale,ALAMEDA
269,Tyson Ln #315B,2.0,2.0,Fremont,"1,178 sqft","Dec 31, 1969",$0,37.562057,-121.97438,CA,Condo,430650,,94536,Cherry - Guardino,51,,For Sale,ALAMEDA
270,Birchwood Ter #212,1.0,1.0,Fremont,714 sqft,"Dec 31, 1969",$0,37.56207,-122.0067,CA,Condo,276613,,94536,Centerville,78,,For Sale,ALAMEDA
271,Red Cedar Ter,1.0,,Fremont,421 sqft,"Dec 31, 1969",$0,37.562298,-122.00323,CA,Condo,175633,,94536,Centerville,65,,For Sale,ALAMEDA
272,Guardino Dr,1.0,2.0,Fremont,857 sqft,"Dec 31, 1969",$0,37.557236,-121.96948,CA,Condo,345345,,94538,Central Downtown,60,,For Sale,ALAMEDA
273,Stevenson Blvd #C329,2.0,2.0,Fremont,"1,040 sqft","Dec 31, 1969",$0,37.54504,-121.97314,CA,Condo,419192,,94538,Central Downtown,60,,For Sale,ALAMEDA
274,Avila Ter #1M,2.0,2.0,Fremont,"1,071 sqft","Dec 31, 1969",$0,37.559532,-121.96718,CA,Condo,459940,,94538,Cherry - Guardino,45,,For Sale,ALAMEDA
275,Le Count Way,2.0,3.0,Fremont,"1,180 sqft","Dec 31, 1969",$0,37.5438,-121.997,CA,Single-Family Home,413497,,94536,Glenmoor,65,,For Sale,ALAMEDA
276,Anchor Dr,2.0,3.0,Fremont,"1,376 sqft","Dec 31, 1969",$0,37.574306,-122.036476,CA,Single-Family Home,476850,,94555,Northgate,55,,For Sale,ALAMEDA
277,Rattan Ct,2.0,4.0,Fremont,"1,912 sqft","Dec 31, 1969",$0,37.46994,-121.9102,CA,Single-Family Home,866258,,94539,Warm Springs,22,,For Sale,ALAMEDA
278,Lindsay Mcdermott Ln,1.0,3.0,Fremont,"1,127 sqft","Dec 31, 1969",$0,37.53722,-121.97787,CA,Unspecified,406103,,94538,Sundale,49,,For Sale,ALAMEDA
279,Whitecap Way,2.0,4.0,Fremont,"2,252 sqft","Dec 31, 1969",$0,37.528313,-121.992165,CA,Single-Family Home,746776,,94538,28 Palms,66,,For Sale,ALAMEDA
280,Garden Way,2.0,3.0,Fremont,"1,080 sqft","Dec 31, 1969",$0,37.545937,-122.01979,CA,Single-Family Home,450000,,94536,Centerville,63,,For Sale,ALAMEDA
281,Clear Lake St,,,Fremont,"1,268 sqft","Dec 31, 1969",$0,37.5869,-122.058525,CA,Single-Family Home,557654,,94555,Lakes and Birds,52,,For Sale,ALAMEDA
282,Meadowbrook Cmn,1.0,1.0,Fremont,712 sqft,"Dec 31, 1969",$0,37.561443,-122.00664,CA,Single-Family Home,384483,,94536,Centerville,71,,For Sale,ALAMEDA
283,Stenhammer Dr,1.0,2.0,Fremont,975 sqft,"Dec 31, 1969",$0,37.583714,-121.962326,CA,Single-Family Home,496300,,94536,Canyon Heights - Vallejo Mills,17,,For Sale,ALAMEDA
284,Barrymore Cmn,1.0,1.0,Fremont,640 sqft,"Dec 31, 1969",$0,37.55404,-121.970085,CA,Single-Family Home,280837,,94538,Central Downtown,77,,For Sale,ALAMEDA
285,Stevenson Blvd #E111,2.0,2.0,Fremont,"1,040 sqft","Dec 31, 1969",$0,37.543358,-121.97294,CA,Condo,466103,,94538,Central Downtown,54,,For Sale,ALAMEDA
286,Alexander St,2.0,3.0,Fremont,"1,080 sqft","Dec 31, 1969",$0,37.54707,-122.02055,CA,Single-Family Home,530470,,94536,Centerville,68,,For Sale,ALAMEDA
287,Puesta Del Sol,,3.0,Fremont,,"Dec 31, 1969",$0,37.525127,-121.93277,CA,Townhome,892094,,94539,Cameron Hills,46,,For Sale,ALAMEDA
288,Fremont Blvd #314,,,Fremont,,"Dec 31, 1969",$0,37.541252,-121.97406,CA,Condo,326210,,94538,Central Downtown,52,,For Sale,ALAMEDA
289,Avila Ter #1-M,2.0,2.0,Fremont,"1,071 sqft","Dec 31, 1969",$0,37.559532,-121.96718,CA,Condo,493446,,94538,Cherry - Guardino,45,,For Sale,ALAMEDA
290,Stevenson Blvd #C226,2.0,2.0,Fremont,"1,040 sqft","Dec 31, 1969",$0,37.54504,-121.97314,CA,Condo,516927,,94538,Central Downtown,60,,For Sale,ALAMEDA
291,Seascape Rd,2.0,3.0,Fremont,"1,008 sqft","Dec 31, 1969",$0,37.53013,-121.99413,CA,Single-Family Home,464000,,94538,28 Palms,63,,For Sale,ALAMEDA
292,Holly St,1.0,3.0,Fremont,"1,421 sqft","Dec 31, 1969",$0,37.556988,-122.01289,CA,Single-Family Home,568294,,94536,Centerville,65,,For Sale,ALAMEDA
293,Hygelund Dr,2.0,3.0,Fremont,"1,180 sqft","Dec 31, 1969",$0,37.54263,-121.99624,CA,Single-Family Home,583301,,94536,Glenmoor,62,,For Sale,ALAMEDA
294,Hyde Cmn #302,2.0,2.0,Fremont,"1,244 sqft","Dec 31, 1969",$0,37.53105,-121.96626,CA,Condo,559289,,94538,Irvington,71,,For Sale,ALAMEDA
295,Roundtree Cmn,,,Fremont,,"Dec 31, 1969",$0,37.525307,-121.9883,CA,Single-Family Home,13663,,94538,28 Palms,75,,For Sale,ALAMEDA
296,Stevenson Blvd #C131,,,Fremont,,"Dec 31, 1969",$0,37.54504,-121.97314,CA,Unspecified,124000,,94538,Central Downtown,55,,For Sale,ALAMEDA
297,Barrymore Cmn M,,,Fremont,,"Dec 31, 1969",$0,37.55404,-121.970085,CA,Unspecified,121700,,94538,Central Downtown,77,,For Sale,ALAMEDA
298,Guardino Dr #105,,,Fremont,,"Dec 31, 1969",$0,37.557236,-121.96948,CA,Unspecified,183750,,94538,Central Downtown,60,,For Sale,ALAMEDA
299,Red Cedar Ter #40,,,Fremont,,"Dec 31, 1969",$0,37.562298,-122.00323,CA,Unspecified,135200,,94536,Centerville,60,,For Sale,ALAMEDA
300,Poe Ter,2.0,2.0,Fremont,"1,107 sqft","Dec 31, 1969",$0,37.54914,-121.99473,CA,Single-Family Home,585973,,94536,Glenmoor,72,,For Sale,ALAMEDA
301,Foxtail Ter #125,,,Fremont,,"Dec 31, 1969",$0,37.56158,-122.00344,CA,Single-Family Home,124000,,94536,Centerville,69,,For Sale,ALAMEDA
302,Barrymore Commom P,,,Fremont,,"Dec 31, 1969",$0,37.55404,-121.970085,CA,Unspecified,171000,,94538,Central Downtown,77,,For Sale,ALAMEDA
303,Paseo Padre Pkwy #110,,,Fremont,,"Dec 31, 1969",$0,37.55679,-121.98739,CA,Unspecified,24989,,94536,Parkmont,63,,For Sale,ALAMEDA
304,Argounaut Way #206,,,Fremont,,"Dec 31, 1969",$0,37.54444,-121.988945,CA,Unspecified,168716,,94538,Sundale,77,,For Sale,ALAMEDA
305,Foxtail Ter #118,2.0,3.0,Fremont,,"Dec 31, 1969",$0,37.56158,-122.00344,CA,Single-Family Home,165555,,94536,Centerville,63,,For Sale,ALAMEDA
306,Red Cedar Ter #212,,,Fremont,,"Dec 31, 1969",$0,37.562298,-122.00323,CA,Unspecified,165600,,94536,Centerville,60,,For Sale,ALAMEDA
307,Aspenwood Cmn,,,Fremont,,"Dec 31, 1969",$0,37.561626,-122.004654,CA,Single-Family Home,129915,,94536,Centerville,80,,For Sale,ALAMEDA
308,Gina St,1.0,3.0,Fremont,950 sqft,"Dec 31, 1969",$0,37.531937,-121.97136,CA,Single-Family Home,439160,,94538,South Sundale,52,,For Sale,ALAMEDA
309,Valpey Park Ave,4.0,4.0,Fremont,"2,613 sqft","Dec 31, 1969",$0,37.519535,-121.97246,CA,Single-Family Home,886387,,94538,Blacow,51,,For Sale,ALAMEDA
310,Frobisher Dr,2.0,4.0,Fremont,"1,675 sqft","Dec 31, 1969",$0,37.553886,-122.02632,CA,Single-Family Home,590000,,94536,Cabrillo,48,,For Sale,ALAMEDA
311,Morris Way,,3.0,Fremont,,"Dec 31, 1969",$0,37.545025,-122.019394,CA,Single-Family Home,309294,,94536,Centerville,58,,For Sale,ALAMEDA
312,Costa Way,2.0,4.0,Fremont,"1,734 sqft","Dec 31, 1969",$0,37.539684,-121.980225,CA,Single-Family Home,644693,,94538,Sundale,46,,For Sale,ALAMEDA
313,Wallace Pl,2.0,4.0,Fremont,"1,387 sqft","Dec 31, 1969",$0,37.528744,-121.99499,CA,Single-Family Home,618126,,94538,28 Palms,60,,For Sale,ALAMEDA
314,Adagio Ct,2.0,3.0,Fremont,"1,131 sqft","Dec 31, 1969",$0,37.521557,-121.97749,CA,Single-Family Home,584113,,94538,Blacow,46,,For Sale,ALAMEDA
315,Queens Park Ct,2.0,3.0,Fremont,"1,466 sqft","Dec 31, 1969",$0,37.518517,-121.97293,CA,Single-Family Home,601091,,94538,Blacow,51,,For Sale,ALAMEDA
316,Howe Ct,2.0,4.0,Fremont,"1,506 sqft","Dec 31, 1969",$0,37.525257,-121.95246,CA,Single-Family Home,654338,,94538,Irvington,63,,For Sale,ALAMEDA
317,Calypso Cmn,2.0,3.0,Fremont,"1,988 sqft","Dec 31, 1969",$0,37.56664,-122.040115,CA,Single-Family Home,758045,,94555,Northgate,38,,For Sale,ALAMEDA
318,Cholla St,,,Fremont,,"Dec 31, 1969",$0,37.483517,-121.9151,CA,Unspecified,854192,,94539,Warm Springs,34,,For Sale,ALAMEDA
319,Albany Cmn A,,,Fremont,,"Dec 31, 1969",$0,37.553486,-121.97182,CA,Unspecified,375598,,94538,Central Downtown,65,,For Sale,ALAMEDA
320,Guardino Dr #126,,,Fremont,,"Dec 31, 1969",$0,37.558495,-121.97052,CA,Unspecified,326400,,94538,Central Downtown,49,,For Sale,ALAMEDA
321,Guardino Dr #102,1.0,2.0,Fremont,,"Dec 31, 1969",$0,37.55894,-121.97082,CA,Unspecified,264370,,94538,Central Downtown,49,,For Sale,ALAMEDA
322,Chery Ln #209,,,Fremont,,"Dec 31, 1969",$0,37.566254,-121.97109,CA,Unspecified,261891,,94536,Cherry - Guardino,54,,For Sale,ALAMEDA
323,Stevenson Blvd #E316,,,Fremont,,"Dec 31, 1969",$0,37.54566,-121.97299,CA,Unspecified,295128,,94538,Central Downtown,60,,For Sale,ALAMEDA
324,Guardino Dr #308,,,Fremont,,"Dec 31, 1969",$0,37.55871,-121.97064,CA,Unspecified,267985,,94538,Central Downtown,60,,For Sale,ALAMEDA
325,Parish Cir,,,Fremont,,"Dec 31, 1969",$0,37.559917,-122.00322,CA,Single-Family Home,220000,,94536,Centerville,78,,For Sale,ALAMEDA
326,Huntington Cir,,,Fremont,,"Dec 31, 1969",$0,37.56267,-121.971954,CA,Single-Family Home,387113,,94536,Cherry - Guardino,62,,For Sale,ALAMEDA
327,Fremont Blvd,,,Fremont,,"Dec 31, 1969",$0,37.561195,-122.01309,CA,Unspecified,297000,,94536,Brookvale,68,,For Sale,ALAMEDA
328,Stevenson Blvd #D320,,,Fremont,,"Dec 31, 1969",$0,37.543358,-121.97294,CA,Unspecified,220000,,94538,Central Downtown,60,,For Sale,ALAMEDA
329,Stevenson Blvd #C231,,,Fremont,,"Dec 31, 1969",$0,37.54504,-121.97314,CA,Unspecified,286461,,94538,Central Downtown,60,,For Sale,ALAMEDA
330,Dayton Cmn,2.0,3.0,Fremont,,"Dec 31, 1969",$0,37.54706,-121.97534,CA,Unspecified,401016,,94538,Central Downtown,69,,For Sale,ALAMEDA
331,Foxtail Ter #97,,,Fremont,,"Dec 31, 1969",$0,37.56158,-122.00344,CA,Single-Family Home,311291,,94536,Centerville,63,,For Sale,ALAMEDA
332,Steevenson Blvd #E101,,,Fremont,,"Dec 31, 1969",$0,37.54566,-121.97299,CA,Unspecified,395410,,94538,Central Downtown,60,,For Sale,ALAMEDA
333,Joan Ter,,,Fremont,,"Dec 31, 1969",$0,37.58414,-121.99702,CA,Unspecified,492300,,94536,Niles,15,,For Sale,ALAMEDA
334,Albany Commons Y,,,Fremont,,"Dec 31, 1969",$0,37.553486,-121.97182,CA,Unspecified,360170,,94538,Central Downtown,77,,For Sale,ALAMEDA
335,Guardino Dr,,,Fremont,,"Dec 31, 1969",$0,37.55798,-121.9702,CA,Single-Family Home,284975,,94538,Central Downtown,55,,For Sale,ALAMEDA
336,Chapel Way,2.0,2.0,Fremont,,"Dec 31, 1969",$0,37.538254,-121.95841,CA,Single-Family Home,354640,,94538,Irvington,66,,For Sale,ALAMEDA
337,Stevenson Blvd #C,,,Fremont,,"Dec 31, 1969",$0,37.542007,-121.97277,CA,Unspecified,399061,,94538,Central Downtown,54,,For Sale,ALAMEDA
338,Stevenson Blvd #E301,,,Fremont,,"Dec 31, 1969",$0,37.54566,-121.97299,CA,Unspecified,365475,,94538,Central Downtown,60,,For Sale,ALAMEDA
339,Blanchard St,1.0,4.0,Fremont,"1,077 sqft","Dec 31, 1969",$0,37.53634,-121.96704,CA,Single-Family Home,519026,,94538,South Sundale,69,,For Sale,ALAMEDA
340,Jessica Cir,3.0,5.0,Fremont,"2,369 sqft","Dec 31, 1969",$0,37.57493,-122.0488,CA,Single-Family Home,839627,,94555,Ardenwood,57,,For Sale,ALAMEDA
341,Mattos Dr,1.0,3.0,Fremont,"1,626 sqft","Dec 31, 1969",$0,37.541767,-122.00745,CA,Single-Family Home,711594,,94536,Glenmoor,38,,For Sale,ALAMEDA
342,Barton Dr,2.0,3.0,Fremont,"1,766 sqft","Dec 31, 1969",$0,37.574085,-121.96707,CA,Single-Family Home,750376,,94536,Canyon Heights - Vallejo Mills,37,,For Sale,ALAMEDA
343,Blaisdell Way,2.0,4.0,Fremont,"1,376 sqft","Dec 31, 1969",$0,37.58303,-121.989174,CA,Single-Family Home,656830,,94536,Niles,32,,For Sale,ALAMEDA
344,Alta Ct,4.0,4.0,Fremont,"2,213 sqft","Dec 31, 1969",$0,37.54259,-122.01233,CA,Single-Family Home,840000,,94536,Glenmoor,57,,For Sale,ALAMEDA
345,Greeley Pl,2.0,3.0,Fremont,"1,256 sqft","Dec 31, 1969",$0,37.525845,-121.99007,CA,Single-Family Home,582326,,94538,28 Palms,58,,For Sale,ALAMEDA
346,Burke Way,4.0,6.0,Fremont,"2,736 sqft","Dec 31, 1969",$0,37.54572,-121.9952,CA,Single-Family Home,995807,,94536,Glenmoor,68,,For Sale,ALAMEDA
347,Deep Creek Rd,2.0,4.0,Fremont,"1,841 sqft","Dec 31, 1969",$0,37.57721,-122.05242,CA,Single-Family Home,799845,,94555,Ardenwood,51,,For Sale,ALAMEDA
348,Phelan Ave,2.0,3.0,Fremont,"1,324 sqft","Dec 31, 1969",$0,37.53436,-121.99231,CA,Single-Family Home,623354,,94538,Sundale,77,,For Sale,ALAMEDA
349,Dekker Ter,2.0,4.0,Fremont,"1,774 sqft","Dec 31, 1969",$0,37.5619,-122.059814,CA,Single-Family Home,777105,,94555,Ardenwood,37,,For Sale,ALAMEDA
350,Serra Ave,2.0,3.0,Fremont,"1,662 sqft","Dec 31, 1969",$0,37.53742,-121.993866,CA,Single-Family Home,645883,,94538,Sundale,65,,For Sale,ALAMEDA
351,Hyde Cmn,,,Fremont,,"Dec 31, 1969",$0,37.53105,-121.96626,CA,Condo,644333,,94538,Irvington,71,,For Sale,ALAMEDA
352,Seneca Park Ave,,,Fremont,,"Dec 31, 1969",$0,37.51786,-121.965614,CA,Unspecified,511500,,94538,Grimmer,52,,For Sale,ALAMEDA
353,Marbella Ter,,,Fremont,,"Dec 31, 1969",$0,37.559403,-121.96701,CA,Unspecified,527751,,94538,,,,For Sale,ALAMEDA
354,Palomino Com,,,Fremont,,"Dec 31, 1969",$0,37.584316,-122.05144,CA,Unspecified,750912,,94555,Lakes and Birds,40,,For Sale,ALAMEDA
