id,address,bathroom,bedroom,city,formattedSqft,lastSaleDate,lastSalePrice,latitude,longitude,stateCode,typeDisplay,price,formattedTruliaEstimate,zipCode,neighborhood,walkScore,transitScore,status,county
1,1303 Crane St,2.5,2.0,Menlo Park,,"Dec 31, 1969",$0,37.452217,-122.1884,CA,Townhome,1248000,,94025,Downtown Menlo Park,75,,For Sale,SAN MATEO
2,1038 Menlo Oaks Dr,1.0,2.0,Menlo Park,"1,060 sqft","Dec 31, 1969",$0,37.472225,-122.16458,CA,Single-Family Home,899000,,94025,Suburban Park-Lorelei Manor-Flood Park T,37,,For Sale,SAN MATEO
3,25 Amherst Ct,3.0,3.0,Menlo Park,"1,500 sqft","Dec 31, 1969",$0,37.46782,-122.207214,CA,Single-Family Home,1000000,,94025,,62,,For Sale,SAN MATEO
4,1275 Santa Cruz Ave,6.0,5.0,Menlo Park,"4,300 sqft","Dec 31, 1969",$0,37.443207,-122.190956,CA,Single-Family Home,5895000,,94025,,40,,For Sale,SAN MATEO
5,140 Royal Oaks Ct,4.5,5.0,Menlo Park,"5,824 sqft","Dec 31, 1969",$0,37.42699,-122.194725,CA,Single-Family Home,3888000,,94025,Sharon Height,62,,For Sale,SAN MATEO
6,131 Seminary Dr,4.0,4.0,Menlo Park,"3,690 sqft","Dec 31, 1969",$0,37.460735,-122.16956,CA,Single-Family Home,3498000,,94025,South of Seminary-Vintage Oaks,42,,For Sale,SAN MATEO
7,1101 Hobart St,2.0,3.0,Menlo Park,"2,378 sqft","Dec 31, 1969",$0,37.441307,-122.193436,CA,Single-Family Home,2349000,,94025,,35,,For Sale,SAN MATEO
8,1080 Klamath Dr,5.0,4.0,Menlo Park,"4,243 sqft","Dec 31, 1969",$0,37.425335,-122.21185,CA,Single-Family Home,4498000,,94025,Sharon Height,37,,For Sale,SAN MATEO
9,740 Windsor Dr,5.5,6.0,Menlo Park,"5,500 sqft","Dec 31, 1969",$0,37.443882,-122.1862,CA,Single-Family Home,5495000,,94025,,58,,For Sale,SAN MATEO
10,43 Sneckner Ct,6.0,4.0,Menlo Park,"6,414 sqft","Dec 31, 1969",$0,37.415462,-122.1875,CA,Single-Family Home,3950000,,94025,,25,,For Sale,SAN MATEO
11,2312 Loma Prieta Ln,7.0,6.0,Menlo Park,"7,583 sqft","Dec 31, 1969",$0,37.42625,-122.20404,CA,Single-Family Home,4349000,,94025,Sharon Height,63,,For Sale,SAN MATEO
12,1325 Hobart St,3.0,3.0,Menlo Park,"2,226 sqft","Dec 31, 1969",$0,37.443428,-122.19609,CA,Single-Family Home,2195000,,94025,,35,,For Sale,SAN MATEO
13,340 San Mateo Dr,2.0,3.0,Menlo Park,"1,600 sqft","Dec 31, 1969",$0,37.441372,-122.18259,CA,Single-Family Home,2198000,,94025,,,,For Sale,SAN MATEO
14,3531 Middlefield Rd,4.0,4.0,Menlo Park,"2,610 sqft","Dec 31, 1969",$0,37.470543,-122.200195,CA,Single-Family Home,1299000,,94025,Fair Oaks,72,,For Sale,SAN MATEO
15,1027 Henderson Ave,2.0,3.0,Menlo Park,"1,320 sqft","Dec 31, 1969",$0,37.471592,-122.16217,CA,Single-Family Home,1089000,,94025,Suburban Park-Lorelei Manor-Flood Park T,48,,For Sale,SAN MATEO
16,1119 Del Norte Ave,,,Menlo Park,"1,961 sqft","Dec 31, 1969",$0,37.477715,-122.16769,CA,Multi-Family Home,599000,,94025,Belle Haven,45,,For Sale,SAN MATEO
17,431 Vine St,2.0,3.0,Menlo Park,"2,350 sqft","Dec 31, 1969",$0,37.429955,-122.19361,CA,Single-Family Home,1999000,,94025,University Heights,54,,For Sale,SAN MATEO
18,446 8th Ave,1.0,2.0,Menlo Park,970 sqft,"Dec 31, 1969",$0,37.472897,-122.200294,CA,Single-Family Home,458000,,94025,Fair Oaks,77,,For Sale,SAN MATEO
19,Alameda de Las Pulgas and Ashton Avenue,4.0,4.0,Menlo Park,"2,648 sqft","Dec 31, 1969",$0,37.431946,-122.20348,CA,Single-Family Home,2750000,,94025,University Heights,45,,For Sale,SAN MATEO
20,522 Palmer Ln,5.0,7.0,Menlo Park,,"Dec 31, 1969",$0,37.471626,-122.1934,CA,Single-Family Home,3399000,,94025,Fair Oaks,45,,For Sale,SAN MATEO
21,1081 Sierra Dr,3.0,3.0,Menlo Park,"2,120 sqft","Dec 31, 1969",$0,37.429348,-122.2109,CA,Single-Family Home,2499000,,94025,Sharon Height,29,,For Sale,SAN MATEO
22,1401 Sage St,3.0,4.0,Menlo Park,"2,010 sqft","Dec 31, 1969",$0,37.478745,-122.16007,CA,Single-Family Home,975000,,94025,Belle Haven,48,,For Sale,SAN MATEO
23,190 Amherst Ave,,,Menlo Park,"2,910 sqft","Dec 31, 1969",$0,37.468826,-122.205185,CA,Multi-Family Home,1049000,,94025,,65,,For Sale,SAN MATEO
24,675 Sharon Park Dr,2.0,3.0,Menlo Park,"1,411 sqft","Dec 31, 1969",$0,37.422405,-122.200905,CA,Single-Family Home,1050000,,94025,Sharon Height,63,,For Sale,SAN MATEO
25,150 Alma St,2.0,2.0,Menlo Park,"1,199 sqft","Dec 31, 1969",$0,37.448746,-122.17148,CA,Condo,799950,,94025,Linfield Oaks,66,,For Sale,SAN MATEO
26,675 Sharon Park Dr #134,2.0,3.0,Menlo Park,"1,411 sqft","Dec 31, 1969",$0,37.422405,-122.200905,CA,Condo,1050000,,94025,Sharon Height,63,,For Sale,SAN MATEO
27,50 Cornell Rd,1.0,3.0,Menlo Park,"1,350 sqft","Dec 31, 1969",$0,37.445602,-122.17417,CA,Unspecified,1398000,,94025,Allied Arts,68,,For Sale,SAN MATEO
28,564 University Dr,,,Menlo Park,"4,551 sqft","Dec 31, 1969",$0,37.447105,-122.181404,CA,Income/Investment,3800000,,94025,Downtown Menlo Park,78,,For Sale,SAN MATEO
29,1431 San Antonio Ave,3.0,3.0,Menlo Park,"1,670 sqft","Dec 31, 1969",$0,37.456863,-122.187584,CA,Single-Family Home,1100000,,94025,,72,,For Sale,SAN MATEO
30,1100 Ringwood Ave,4.0,8.0,Menlo Park,"3,000 sqft","Dec 31, 1969",$0,37.4755,-122.16514,CA,Single-Family Home,1250000,,94025,Belle Haven,37,,For Sale,SAN MATEO
31,1335 Almanor Ave,3.0,4.0,Menlo Park,"1,570 sqft","Dec 31, 1969",$0,37.47734,-122.16265,CA,Single-Family Home,650000,,94025,Belle Haven,42,,For Sale,SAN MATEO
32,629 Harvard Ave,3.0,3.0,Menlo Park,"2,290 sqft","Dec 31, 1969",$0,37.44704,-122.17336,CA,Single-Family Home,2390000,,94025,Allied Arts,78,,For Sale,SAN MATEO
33,Sterling Ave,2.0,3.0,Menlo Park,"1,530 sqft","Dec 31, 1969",$0,37.432533,-122.20584,CA,Single-Family Home,289500,,94025,University Heights,42,,For Sale,SAN MATEO
34,Almanor Ave,3.0,4.0,Menlo Park,"1,570 sqft","Dec 31, 1969",$0,37.4774,-122.16247,CA,Single-Family Home,400000,,94025,Belle Haven,42,,For Sale,SAN MATEO
35,Sevier Ave,2.0,3.0,Menlo Park,"1,090 sqft","Dec 31, 1969",$0,37.47314,-122.157906,CA,Single-Family Home,430919,,94025,Belle Haven,49,,For Sale,SAN MATEO
36,Henderson Pl,1.0,3.0,Menlo Park,"1,050 sqft","Dec 31, 1969",$0,37.477917,-122.15951,CA,Single-Family Home,537278,,94025,Belle Haven,48,,For Sale,SAN MATEO
37,Henderson Ave,1.0,3.0,Menlo Park,"1,130 sqft","Dec 31, 1969",$0,37.47749,-122.15883,CA,Single-Family Home,575297,,94025,Belle Haven,52,,For Sale,SAN MATEO
38,Terminal Ave,1.0,2.0,Menlo Park,890 sqft,"Dec 31, 1969",$0,37.478355,-122.16632,CA,Single-Family Home,406250,,94025,Belle Haven,42,,For Sale,SAN MATEO
39,San Benito Ave,2.0,3.0,Menlo Park,"1,250 sqft","Dec 31, 1969",$0,37.47485,-122.194115,CA,Single-Family Home,520000,,94025,Fair Oaks,62,,For Sale,SAN MATEO
40,7th Ave,1.0,2.0,Menlo Park,830 sqft,"Dec 31, 1969",$0,37.47296,-122.20165,CA,Single-Family Home,445303,,94025,Fair Oaks,78,,For Sale,SAN MATEO
41,Henderson Ave,3.0,5.0,Menlo Park,"2,892 sqft","Dec 31, 1969",$0,37.478138,-122.1585,CA,Single-Family Home,125000,,94025,Belle Haven,58,,For Sale,SAN MATEO
42,Hallmark Cir,2.0,2.0,Menlo Park,"2,510 sqft","Dec 31, 1969",$0,37.431583,-122.21265,CA,Single-Family Home,58000,,94025,Sharon Height,28,,For Sale,SAN MATEO
43,Camino A Los Cerros,4.0,5.0,Menlo Park,"2,824 sqft","Dec 31, 1969",$0,37.435116,-122.21117,CA,Single-Family Home,300000,,94025,University Heights,37,,For Sale,SAN MATEO
44,Loyola Ave,2.0,3.0,Menlo Park,"1,200 sqft","Dec 31, 1969",$0,37.468285,-122.20429,CA,Single-Family Home,200000,,94025,,65,,For Sale,SAN MATEO
45,Dunne Ct,3.0,4.0,Menlo Park,"2,580 sqft","Dec 31, 1969",$0,37.4747,-122.19784,CA,Single-Family Home,857000,,94025,Fair Oaks,68,,For Sale,SAN MATEO
46,Madera Ave,1.0,2.0,Menlo Park,"1,460 sqft","Dec 31, 1969",$0,37.47158,-122.15765,CA,Single-Family Home,480000,,94025,Belle Haven,54,,For Sale,SAN MATEO
47,Sevier Ave,1.0,3.0,Menlo Park,"1,040 sqft","Dec 31, 1969",$0,37.474186,-122.15737,CA,Single-Family Home,409500,,94025,Belle Haven,55,,For Sale,SAN MATEO
48,Santa Cruz Ave,2.0,3.0,Menlo Park,"1,810 sqft","Dec 31, 1969",$0,37.448402,-122.18717,CA,Condo,729000,,94025,Downtown Menlo Park,86,,For Sale,SAN MATEO
49,Madera Ave,1.0,3.0,Menlo Park,"1,110 sqft","Dec 31, 1969",$0,37.471832,-122.157524,CA,Single-Family Home,451038,,94025,Belle Haven,46,,For Sale,SAN MATEO
50,Gilbert Ave,1.0,2.0,Menlo Park,"1,175 sqft","Dec 31, 1969",$0,37.460384,-122.16158,CA,Condo,762594,,94025,South of Seminary-Vintage Oaks,54,,For Sale,SAN MATEO
51,6th Ave,1.0,2.0,Menlo Park,840 sqft,"Dec 31, 1969",$0,37.47216,-122.2033,CA,Single-Family Home,454500,,94025,Fair Oaks,78,,For Sale,SAN MATEO
52,Hollyburne Ave,2.0,2.0,Menlo Park,"1,100 sqft","Dec 31, 1969",$0,37.474606,-122.1582,CA,Single-Family Home,630326,,94025,Belle Haven,51,,For Sale,SAN MATEO
53,Lorelei Ln,2.0,3.0,Menlo Park,"1,120 sqft","Dec 31, 1969",$0,37.47789,-122.18124,CA,Single-Family Home,946918,,94025,Suburban Park-Lorelei Manor-Flood Park T,46,,For Sale,SAN MATEO
54,Ivy Dr,,,Menlo Park,,"Dec 31, 1969",$0,37.476044,-122.15809,CA,Unspecified,255000,,94025,Belle Haven,55,,For Sale,SAN MATEO
55,San Antonio St,,,Menlo Park,,"Dec 31, 1969",$0,37.457825,-122.18905,CA,Unspecified,545000,,94025,,71,,For Sale,SAN MATEO
56,E Okeefe St #14,,,Menlo Park,,"Dec 31, 1969",$0,37.462763,-122.151322,CA,Unspecified,359589,,94025,,,,For Sale,SAN MATEO
57,Pierce Rd,,,Menlo Park,,"Dec 31, 1969",$0,37.47242,-122.1606,CA,Unspecified,335440,,94025,Belle Haven,49,,For Sale,SAN MATEO
