id,address,bathroom,bedroom,city,formattedSqft,lastSaleDate,lastSalePrice,latitude,longitude,stateCode,typeDisplay,price,formattedTruliaEstimate,zipCode,neighborhood,walkScore,transitScore,status,county
1,300 Murchison Dr #208,1.0,1.0,Millbrae,734 sqft,"Feb 13, 2014","$480,000",37.594795,-122.38824,CA,Condo,480000,"$519,000",94030,,,,Sold,SAN MATEO
2,320 Vallejo Dr #10,2.0,2.0,Millbrae,995 sqft,"Feb 12, 2014","$567,000",37.584328,-122.4046,CA,Condo,567000,"$685,000",94030,,,,Sold,SAN MATEO
3,801 Crestview Dr,2.0,3.0,Millbrae,"1,840 sqft","Jan 31, 2014","$1,260,000",37.59359,-122.41566,CA,Single-Family Home,1260000,"$1,312,000",94030,,,,Sold,SAN MATEO
4,308 S Ashton Ave,2.0,3.0,Millbrae,"2,010 sqft","Jan 31, 2014","$1,410,000",37.589596,-122.392075,CA,Single-Family Home,1410000,"$1,535,000",94030,,,,Sold,SAN MATEO
5,207 Valencia Dr,2.0,4.0,Millbrae,"2,010 sqft","Jan 31, 2014","$1,300,000",37.5873,-122.405045,CA,Single-Family Home,1300000,"$1,618,000",94030,,,,Sold,SAN MATEO
6,151 El Camino Real #117,,,Millbrae,,"Jan 31, 2014","$979,000",37.59949,-122.38932,CA,Condo,979000,"$1,060,000",94030,,,,Sold,SAN MATEO
7,209 Sebastian Dr,4.0,5.0,Millbrae,"2,820 sqft","Jan 30, 2014","$2,030,000",37.589325,-122.401375,CA,Single-Family Home,2030000,"$2,057,000",94030,,,,Sold,SAN MATEO
8,1100 Tuolumne Rd,3.0,4.0,Millbrae,"2,840 sqft","Jan 24, 2014","$1,450,000",37.598644,-122.41248,CA,Single-Family Home,1450000,"$1,962,000",94030,,,,Sold,SAN MATEO
9,1280 Manzanita Dr,2.0,3.0,Millbrae,"2,480 sqft","Jan 17, 2014","$1,900,000",37.58864,-122.399666,CA,Single-Family Home,1900000,"$1,764,000",94030,,,,Sold,SAN MATEO
10,55 Poplar Ave,2.0,3.0,Millbrae,"1,440 sqft","Jan 17, 2014","$1,188,000",37.596348,-122.39243,CA,Single-Family Home,1188000,"$1,244,000",94030,,,,Sold,SAN MATEO
11,1176 Millbrae Ave,2.5,4.0,Millbrae,"3,060 sqft","Jan 16, 2014","$1,700,000",37.59183,-122.40257,CA,Single-Family Home,1700000,"$1,679,000",94030,,,,Sold,SAN MATEO
12,241 Marcella Way,2.0,3.0,Millbrae,"1,700 sqft","Jan 10, 2014","$1,240,000",37.590767,-122.39307,CA,Single-Family Home,1240000,"$1,549,000",94030,,,,Sold,SAN MATEO
13,300 Murchison Dr #323,1.0,1.0,Millbrae,734 sqft,"Jan 9, 2014","$380,000",37.594795,-122.38824,CA,Condo,380000,"$509,000",94030,,,,Sold,SAN MATEO
14,604 Juanita Ave,1.0,3.0,Millbrae,"1,020 sqft","Jan 3, 2014","$930,000",37.609123,-122.41086,CA,Single-Family Home,930000,"$926,000",94030,,,,Sold,SAN MATEO
15,196 Aviador Ave,1.0,2.0,Millbrae,"1,000 sqft","Dec 31, 2013","$750,000",37.602985,-122.38585,CA,Single-Family Home,750000,"$804,000",94030,,,,Sold,SAN MATEO
16,1333 Hillcrest Blvd,1.0,2.0,Millbrae,"1,040 sqft","Dec 20, 2013","$1,060,000",37.59098,-122.407394,CA,Single-Family Home,1060000,"$1,008,000",94030,,,,Sold,SAN MATEO
17,855 Ahwahnee Dr,2.5,3.0,Millbrae,"2,010 sqft","Dec 20, 2013","$1,375,000",37.597775,-122.41096,CA,Single-Family Home,1375000,"$1,385,000",94030,,,,Sold,SAN MATEO
18,161 El Bonito Way,1.0,3.0,Millbrae,"1,480 sqft","Dec 19, 2013","$830,000",37.59509,-122.40336,CA,Single-Family Home,830000,"$1,066,000",94030,,,,Sold,SAN MATEO
19,839 Banbury Ln,2.0,3.0,Millbrae,"1,240 sqft","Dec 16, 2013","$840,000",37.60229,-122.41736,CA,Single-Family Home,840000,"$1,115,000",94030,,,,Sold,SAN MATEO
20,728 Berkshire Dr,2.5,5.0,Millbrae,"2,430 sqft","Dec 13, 2013","$1,260,000",37.597534,-122.40596,CA,Single-Family Home,1260000,"$1,692,000",94030,,,,Sold,SAN MATEO
21,151 El Camino Real #311,,,Millbrae,,"Dec 6, 2013","$743,000",37.59949,-122.38932,CA,Condo,743000,"$667,000",94030,,,,Sold,SAN MATEO
22,320 Vallejo Dr #15,2.0,3.0,Millbrae,"1,352 sqft","Dec 6, 2013","$660,000",37.584328,-122.4046,CA,Condo,660000,"$697,000",94030,,,,Sold,SAN MATEO
23,327 Cedar St,1.5,2.0,Millbrae,"1,390 sqft","Dec 3, 2013","$665,000",37.6097,-122.395134,CA,Single-Family Home,665000,"$829,000",94030,,,,Sold,SAN MATEO
24,420 Paramount Dr,1.0,3.0,Millbrae,"1,230 sqft","Nov 26, 2013","$979,000",37.606728,-122.40768,CA,Single-Family Home,979000,"$976,000",94030,,,,Sold,SAN MATEO
25,371 Lansdale Ave,3.5,5.0,Millbrae,"2,893 sqft","Nov 22, 2013","$1,606,000",37.60085,-122.39812,CA,Multi-Family,1606000,"$1,602,000",94030,,,,Sold,SAN MATEO
26,360 Vallejo Dr #107,2.0,2.0,Millbrae,995 sqft,"Nov 21, 2013","$580,000",37.584328,-122.4046,CA,Condo,580000,"$640,000",94030,,,,Sold,SAN MATEO
27,903 Springfield Dr,2.5,5.0,Millbrae,"2,370 sqft","Nov 21, 2013","$1,800,000",37.595543,-122.410774,CA,Single-Family Home,1800000,"$1,820,000",94030,,,,Sold,SAN MATEO
28,17 Via Canon,2.0,2.0,Millbrae,"1,100 sqft","Nov 19, 2013","$1,153,000",37.593246,-122.40158,CA,Single-Family Home,1153000,"$1,101,000",94030,,,,Sold,SAN MATEO
29,307 Anita Dr,3.5,7.0,Millbrae,"2,900 sqft","Nov 14, 2013","$1,200,000",37.60268,-122.39999,CA,Single-Family Home,1200000,"$1,527,000",94030,,,,Sold,SAN MATEO
30,603 Laurel Ave,2.0,3.0,Millbrae,"1,430 sqft","Nov 13, 2013","$1,025,000",37.602215,-122.4016,CA,Single-Family Home,1025000,"$1,160,000",94030,,,,Sold,SAN MATEO
31,1245 Murchison Dr,2.5,4.0,Millbrae,"2,240 sqft","Nov 13, 2013","$1,640,000",37.59018,-122.40043,CA,Single-Family Home,1640000,"$1,764,000",94030,,,,Sold,SAN MATEO
32,1090 Helen Dr,2.0,3.0,Millbrae,"1,370 sqft","Nov 7, 2013","$951,000",37.602356,-122.41844,CA,Single-Family Home,951000,"$1,150,000",94030,,,,Sold,SAN MATEO
33,1176 Landing Ln,2.0,5.0,Millbrae,"1,750 sqft","Nov 5, 2013","$710,000",37.611084,-122.399445,CA,Single-Family Home,710000,"$913,000",94030,,,,Sold,SAN MATEO
34,92 Conejo Dr,2.0,4.0,Millbrae,"2,030 sqft","Oct 31, 2013","$1,480,000",37.586258,-122.40288,CA,Single-Family Home,1480000,"$1,602,000",94030,,,,Sold,SAN MATEO
35,1396 Madera Way,2.5,4.0,Millbrae,"2,690 sqft","Oct 31, 2013","$1,450,000",37.588093,-122.40506,CA,Single-Family Home,1450000,"$1,809,000",94030,,,,Sold,SAN MATEO
36,507 Capuchino Dr,1.0,2.0,Millbrae,"1,540 sqft","Oct 30, 2013","$869,000",37.60748,-122.40844,CA,Single-Family Home,869000,"$1,042,000",94030,,,,Sold,SAN MATEO
37,616 Geraldine Dr,2.0,3.0,Millbrae,"2,080 sqft","Oct 29, 2013","$1,200,000",37.600826,-122.40577,CA,Single-Family Home,1200000,"$1,384,000",94030,,,,Sold,SAN MATEO
38,428 Anita Dr,1.0,3.0,Millbrae,"1,290 sqft","Oct 28, 2013","$1,050,000",37.60179,-122.4024,CA,Single-Family Home,1050000,"$1,087,000",94030,,,,Sold,SAN MATEO
39,17 Henry Pl,3.0,4.0,Millbrae,"2,350 sqft","Oct 22, 2013","$1,310,000",37.60199,-122.40279,CA,Single-Family Home,1310000,"$1,485,000",94030,,,,Sold,SAN MATEO
40,1225 Encina Dr,2.0,3.0,Millbrae,"1,670 sqft","Oct 21, 2013","$1,510,000",37.588696,-122.39706,CA,Single-Family Home,1510000,"$1,518,000",94030,,,,Sold,SAN MATEO
41,10 Mio Corte,1.5,2.0,Millbrae,"1,290 sqft","Oct 18, 2013","$850,000",37.593334,-122.40255,CA,Single-Family Home,850000,"$1,101,000",94030,,,,Sold,SAN MATEO
42,835 Murchison Dr,3.5,4.0,Millbrae,"3,100 sqft","Oct 18, 2013","$1,990,000",37.591312,-122.39259,CA,Single-Family Home,1990000,"$1,981,000",94030,,,,Sold,SAN MATEO
43,10 Queen Anne Ct,2.0,3.0,Millbrae,"1,530 sqft","Oct 17, 2013","$1,074,000",37.607197,-122.40522,CA,Single-Family Home,1074000,"$1,243,000",94030,,,,Sold,SAN MATEO
44,318 Anita Dr,2.0,3.0,Millbrae,"1,430 sqft","Oct 16, 2013","$1,028,000",37.60264,-122.40093,CA,Single-Family Home,1028000,"$1,188,000",94030,,,,Sold,SAN MATEO
45,437 Green Hills Dr,2.0,3.0,Millbrae,"2,080 sqft","Oct 15, 2013","$1,200,000",37.603325,-122.40481,CA,Single-Family Home,1200000,"$1,401,000",94030,,,,Sold,SAN MATEO
46,360 Vallejo Dr #117,2.0,2.0,Millbrae,"1,249 sqft","Oct 11, 2013","$635,000",37.584328,-122.4046,CA,Condo,635000,"$720,000",94030,,,,Sold,SAN MATEO
47,200 Taylor Blvd,4.5,5.0,Millbrae,"2,515 sqft","Oct 11, 2013","$1,550,000",37.602234,-122.39499,CA,Single-Family Home,1550000,"$1,828,000",94030,,,,Sold,SAN MATEO
48,88 S Broadway #3308,2.0,2.0,Millbrae,"1,262 sqft","Oct 11, 2013","$898,000",37.597572,-122.38732,CA,Condo,898000,"$802,000",94030,,,,Sold,SAN MATEO
49,608 Cypress Ave,1.0,3.0,Millbrae,"1,230 sqft","Oct 11, 2013","$888,000",37.611557,-122.40889,CA,Single-Family Home,888000,"$976,000",94030,,,,Sold,SAN MATEO
50,1396 El Camino Real #203,2.0,2.0,Millbrae,"1,135 sqft","Oct 9, 2013","$500,000",37.610725,-122.40114,CA,Condo,500000,"$588,000",94030,,,,Sold,SAN MATEO
51,1417 Murchison Dr,2.0,4.0,Millbrae,"2,250 sqft","Oct 9, 2013","$1,750,000",37.584984,-122.403175,CA,Single-Family Home,1750000,"$1,719,000",94030,,,,Sold,SAN MATEO
52,324 Santa Paula Ave,3.0,5.0,Millbrae,"2,090 sqft","Oct 8, 2013","$789,000",37.607536,-122.39236,CA,Single-Family Home,789000,"$1,015,000",94030,,,,Sold,SAN MATEO
53,1008 Clearfield Dr,2.5,4.0,Millbrae,"1,960 sqft","Oct 7, 2013","$1,218,000",37.594112,-122.41269,CA,Single-Family Home,1218000,"$1,495,000",94030,,,,Sold,SAN MATEO
54,401 Millwood Dr,1.5,3.0,Millbrae,"1,680 sqft","Oct 4, 2013","$952,000",37.607273,-122.40721,CA,Single-Family Home,952000,"$1,144,000",94030,,,,Sold,SAN MATEO
55,15 Mateo Ave #9,2.0,2.0,Millbrae,930 sqft,"Oct 4, 2013","$530,000",37.605213,-122.39466,CA,Condo,530000,"$574,000",94030,,,,Sold,SAN MATEO
56,69 Conejo Dr,2.0,4.0,Millbrae,"2,100 sqft","Oct 2, 2013","$1,304,000",37.586895,-122.40173,CA,Single-Family Home,1304000,"$1,722,000",94030,,,,Sold,SAN MATEO
57,300 Murchison Dr #222,1.0,1.0,Millbrae,734 sqft,"Oct 2, 2013","$476,000",37.594795,-122.38824,CA,Condo,476000,"$487,000",94030,,,,Sold,SAN MATEO
58,320 San Pablo Ave,1.0,3.0,Millbrae,"1,130 sqft","Sep 30, 2013","$730,000",37.608505,-122.39362,CA,Single-Family Home,730000,"$749,000",94030,,,,Sold,SAN MATEO
59,1008 Crestview Dr,2.0,3.0,Millbrae,"1,150 sqft","Sep 30, 2013","$972,000",37.598125,-122.41845,CA,Single-Family Home,972000,"$1,140,000",94030,,,,Sold,SAN MATEO
60,360 Vallejo Dr #95,2.0,2.0,Millbrae,"1,249 sqft","Sep 30, 2013","$550,000",37.584328,-122.4046,CA,Condo,550000,"$720,000",94030,,,,Sold,SAN MATEO
61,151 El Camino Real #105,,,Millbrae,,"Sep 27, 2013","$300,000",37.59949,-122.38932,CA,Condo,300000,,94030,,,,Sold,SAN MATEO
62,151 El Camino Real #137,,,Millbrae,,"Sep 27, 2013","$300,000",37.59949,-122.38932,CA,Condo,300000,,94030,,,,Sold,SAN MATEO
63,38 Henry Pl,2.0,3.0,Millbrae,"1,430 sqft","Sep 27, 2013","$1,050,000",37.601456,-122.402916,CA,Single-Family Home,1050000,"$1,175,000",94030,,,,Sold,SAN MATEO
64,410 Poplar Ave,1.5,2.0,Millbrae,"1,480 sqft","Sep 26, 2013","$1,025,000",37.601536,-122.39644,CA,Single-Family Home,1025000,"$1,135,000",94030,,,,Sold,SAN MATEO
65,821 El Capitan Dr,2.0,3.0,Millbrae,"1,330 sqft","Sep 25, 2013","$1,000,500",37.59702,-122.41172,CA,Single-Family Home,1000500,"$1,185,000",94030,,,,Sold,SAN MATEO
66,252 S Ashton Ave,2.0,3.0,Millbrae,"1,470 sqft","Sep 25, 2013","$1,360,000",37.590134,-122.39281,CA,Single-Family Home,1360000,"$1,438,000",94030,,,,Sold,SAN MATEO
67,331 Helen Dr,2.5,3.0,Millbrae,"1,490 sqft","Sep 20, 2013","$1,240,500",37.60339,-122.40211,CA,Single-Family Home,1240500,"$1,213,000",94030,,,,Sold,SAN MATEO
68,15 Mateo Ave #2,2.0,2.0,Millbrae,890 sqft,"Sep 20, 2013","$501,500",37.605213,-122.39466,CA,Condo,501500,"$537,000",94030,,,,Sold,SAN MATEO
69,300 Murchison Dr #306,2.0,2.0,Millbrae,"1,060 sqft","Sep 18, 2013","$620,000",37.594795,-122.38824,CA,Condo,620000,"$648,000",94030,,,,Sold,SAN MATEO
70,1388 Broadway,2.0,2.0,Millbrae,"1,298 sqft","Sep 18, 2013","$703,000",37.609,-122.40082,CA,Condo,703000,"$766,000",94030,,,,Sold,SAN MATEO
71,333 Green Hills Dr,2.5,4.0,Millbrae,"2,440 sqft","Sep 16, 2013","$1,288,000",37.605343,-122.40247,CA,Single-Family Home,1288000,"$1,410,000",94030,,,,Sold,SAN MATEO
72,1370 Lasuen Dr,2.0,4.0,Millbrae,"2,020 sqft","Sep 16, 2013","$1,600,000",37.585323,-122.400856,CA,Single-Family Home,1600000,"$1,599,000",94030,,,,Sold,SAN MATEO
73,1388 Broadway,2.0,2.0,Millbrae,"1,147 sqft","Sep 13, 2013","$700,000",37.609,-122.40082,CA,Condo,700000,"$742,000",94030,,,,Sold,SAN MATEO
74,731 Barcelona Dr,1.0,3.0,Millbrae,"1,160 sqft","Sep 10, 2013","$953,000",37.608124,-122.412674,CA,Single-Family Home,953000,"$932,000",94030,,,,Sold,SAN MATEO
75,25 Vallejo Dr,2.0,3.0,Millbrae,"1,830 sqft","Sep 6, 2013","$1,150,000",37.5872,-122.40915,CA,Single-Family Home,1150000,"$1,410,000",94030,,,,Sold,SAN MATEO
76,460 Magnolia Ave,1.0,2.0,Millbrae,"1,140 sqft","Sep 6, 2013","$900,500",37.601826,-122.39387,CA,Single-Family Home,900500,"$924,000",94030,,,,Sold,SAN MATEO
77,836 Hawthorne Way,2.0,3.0,Millbrae,"2,670 sqft","Sep 6, 2013","$1,281,000",37.5928,-122.3937,CA,Single-Family Home,1281000,"$1,682,000",94030,,,,Sold,SAN MATEO
78,341 Marcella Way,3.0,4.0,Millbrae,"2,140 sqft","Sep 6, 2013","$1,210,000",37.58958,-122.39143,CA,Single-Family Home,1210000,"$1,605,000",94030,,,,Sold,SAN MATEO
79,880 Robin Ln,3.0,4.0,Millbrae,"2,270 sqft","Sep 6, 2013","$1,100,000",37.605934,-122.42139,CA,Single-Family Home,1100000,"$1,348,000",94030,,,,Sold,SAN MATEO
80,1375 Manzanita Dr,3.0,4.0,Millbrae,"2,430 sqft","Sep 6, 2013","$1,800,000",37.585125,-122.40163,CA,Single-Family Home,1800000,"$1,777,000",94030,,,,Sold,SAN MATEO
81,1384 Madera Way,2.0,3.0,Millbrae,"2,050 sqft","Sep 5, 2013","$1,500,000",37.588436,-122.404465,CA,Single-Family Home,1500000,"$1,579,000",94030,,,,Sold,SAN MATEO
82,301 San Jose Ave,1.0,3.0,Millbrae,"1,140 sqft","Sep 4, 2013","$288,000",37.60833,-122.39452,CA,Single-Family Home,288000,"$752,000",94030,,,,Sold,SAN MATEO
83,1550 Frontera Way #111,2.0,2.0,Millbrae,"1,150 sqft","Sep 4, 2013","$560,000",37.582752,-122.403,CA,Condo,560000,"$706,000",94030,,,,Sold,SAN MATEO
84,1041 Sycamore Dr,3.5,3.0,Millbrae,"2,230 sqft","Aug 30, 2013","$1,350,000",37.598083,-122.42061,CA,Single-Family Home,1350000,"$1,420,000",94030,,,,Sold,SAN MATEO
85,839 Murchison Dr,2.5,4.0,Millbrae,"2,450 sqft","Aug 30, 2013","$1,550,000",37.591324,-122.39294,CA,Single-Family Home,1550000,"$1,766,000",94030,,,,Sold,SAN MATEO
86,1230 Vista Grande,3.0,2.0,Millbrae,"1,970 sqft","Aug 30, 2013","$1,368,000",37.5924,-122.40642,CA,Single-Family Home,1368000,"$1,487,000",94030,,,,Sold,SAN MATEO
87,31 Aura Vis,1.0,3.0,Millbrae,"1,430 sqft","Aug 29, 2013","$831,000",37.59258,-122.404366,CA,Single-Family Home,831000,"$1,111,000",94030,,,,Sold,SAN MATEO
88,17 Jasmine Ct,3.0,4.0,Millbrae,"2,380 sqft","Aug 29, 2013","$1,300,000",37.605164,-122.40057,CA,Single-Family Home,1300000,"$1,416,000",94030,,,,Sold,SAN MATEO
89,10 Jasmine Ct,2.0,3.0,Millbrae,"1,920 sqft","Aug 27, 2013","$1,100,000",37.605457,-122.40013,CA,Single-Family Home,1100000,"$1,230,000",94030,,,,Sold,SAN MATEO
90,831 Murchison Dr,2.0,3.0,Millbrae,"1,520 sqft","Aug 27, 2013","$1,200,000",37.591255,-122.3923,CA,Single-Family Home,1200000,"$1,391,000",94030,,,,Sold,SAN MATEO
91,5 Via Canon,3.5,5.0,Millbrae,"3,130 sqft","Aug 23, 2013","$1,460,000",37.593746,-122.401276,CA,Single-Family Home,1460000,"$1,948,000",94030,,,,Sold,SAN MATEO
92,555 Palm Ave #207,2.0,2.0,Millbrae,"1,537 sqft","Aug 23, 2013","$588,000",37.601284,-122.39974,CA,Condo,588000,"$697,000",94030,,,,Sold,SAN MATEO
93,940 Evergreen Way,2.0,3.0,Millbrae,"1,770 sqft","Aug 23, 2013","$1,200,000",37.6008,-122.41388,CA,Single-Family Home,1200000,"$1,311,000",94030,,,,Sold,SAN MATEO
94,151 El Camino Real #209,,,Millbrae,,"Aug 20, 2013","$35,000",37.59949,-122.38932,CA,Condo,35000,"$923,000",94030,,,,Sold,SAN MATEO
95,1325 Manzanita Dr,2.0,4.0,Millbrae,"1,980 sqft","Aug 19, 2013","$1,200,000",37.587105,-122.40065,CA,Single-Family Home,1200000,"$1,509,000",94030,,,,Sold,SAN MATEO
96,973 Larkspur Dr,2.0,3.0,Millbrae,"1,700 sqft","Aug 15, 2013","$1,245,000",37.598297,-122.4174,CA,Single-Family Home,1245000,"$1,293,000",94030,,,,Sold,SAN MATEO
97,1275 Manzanita Dr,2.0,4.0,Millbrae,"1,910 sqft","Aug 9, 2013","$1,345,000",37.588615,-122.39899,CA,Single-Family Home,1345000,"$1,561,000",94030,,,,Sold,SAN MATEO
98,88 S Broadway #1305,2.0,2.0,Millbrae,"1,241 sqft","Aug 9, 2013","$770,000",37.597206,-122.38759,CA,Condo,770000,"$753,000",94030,,,,Sold,SAN MATEO
99,201 Castenada Dr,2.0,3.0,Millbrae,"2,080 sqft","Aug 8, 2013","$1,342,000",37.591335,-122.396835,CA,Single-Family Home,1342000,"$1,618,000",94030,,,,Sold,SAN MATEO
100,721 Hillcrest Blvd,2.0,3.0,Millbrae,"1,980 sqft","Aug 8, 2013","$1,328,000",37.595947,-122.39728,CA,Single-Family Home,1328000,"$1,377,000",94030,,,,Sold,SAN MATEO
101,520 Helen Dr,1.0,3.0,Millbrae,"1,290 sqft","Aug 8, 2013","$950,000",37.600224,-122.40846,CA,Single-Family Home,950000,"$1,015,000",94030,,,,Sold,SAN MATEO
102,1156 Fernwood Dr,2.0,3.0,Millbrae,"1,280 sqft","Aug 6, 2013","$950,000",37.604916,-122.41898,CA,Single-Family Home,950000,"$1,094,000",94030,,,,Sold,SAN MATEO
103,1340 Terrace Dr,2.0,3.0,Millbrae,"1,450 sqft","Aug 5, 2013","$1,015,000",37.607597,-122.42167,CA,Single-Family Home,1015000,"$1,201,000",94030,,,,Sold,SAN MATEO
104,846 Vista Grande,2.0,3.0,Millbrae,"1,300 sqft","Aug 1, 2013","$1,010,000",37.592056,-122.40841,CA,Single-Family Home,1010000,"$1,179,000",94030,,,,Sold,SAN MATEO
105,1478 Madera Way,2.0,4.0,Millbrae,"2,130 sqft","Jul 31, 2013","$1,480,000",37.586887,-122.40716,CA,Single-Family Home,1480000,"$1,679,000",94030,,,,Sold,SAN MATEO
106,346 Aviador Ave,1.0,3.0,Millbrae,"1,170 sqft","Jul 29, 2013","$700,000",37.60437,-122.39,CA,Single-Family Home,700000,"$732,000",94030,,,,Sold,SAN MATEO
107,3 Spring Valley Ln,2.5,5.0,Millbrae,"2,460 sqft","Jul 24, 2013","$1,655,000",37.590702,-122.40315,CA,Single-Family Home,1655000,"$1,762,000",94030,,,,Sold,SAN MATEO
108,1388 Broadway,2.0,2.0,Millbrae,"1,061 sqft","Jul 23, 2013","$630,000",37.609,-122.40082,CA,Condo,630000,"$706,000",94030,,,,Sold,SAN MATEO
109,15 Mateo Ave #7,2.0,2.0,Millbrae,870 sqft,"Jul 23, 2013","$501,500",37.605213,-122.39466,CA,Condo,501500,"$534,000",94030,,,,Sold,SAN MATEO
110,1125 Fernwood Dr,2.0,3.0,Millbrae,"1,240 sqft","Jul 23, 2013","$1,100,000",37.60388,-122.41869,CA,Single-Family Home,1100000,"$1,139,000",94030,,,,Sold,SAN MATEO
111,431 Anita Dr,2.0,3.0,Millbrae,"1,410 sqft","Jul 19, 2013","$945,000",37.601368,-122.40227,CA,Single-Family Home,945000,"$1,160,000",94030,,,,Sold,SAN MATEO
112,575 Hemlock Ave,1.0,2.0,Millbrae,"1,190 sqft","Jul 19, 2013","$570,000",37.602325,-122.39062,CA,Single-Family Home,570000,"$739,000",94030,,,,Sold,SAN MATEO
113,215 Vallejo Ct,2.0,2.0,Millbrae,"1,598 sqft","Jul 18, 2013","$870,000",37.58629,-122.40768,CA,Condo,870000,"$825,000",94030,,,,Sold,SAN MATEO
114,2 Robert Pl,1.0,3.0,Millbrae,"1,290 sqft","Jul 16, 2013","$1,100,000",37.60414,-122.39874,CA,Single-Family Home,1100000,"$1,094,000",94030,,,,Sold,SAN MATEO
115,1224 Frontera Way,2.0,3.0,Millbrae,"2,070 sqft","Jul 16, 2013","$1,590,000",37.586468,-122.394684,CA,Single-Family Home,1590000,"$1,641,000",94030,,,,Sold,SAN MATEO
116,1119 Fernwood Dr,2.0,3.0,Millbrae,"1,370 sqft","Jul 15, 2013","$985,000",37.60374,-122.41857,CA,Single-Family Home,985000,"$1,154,000",94030,,,,Sold,SAN MATEO
117,311 Anita Dr,1.0,3.0,Millbrae,"1,290 sqft","Jul 11, 2013","$858,000",37.6026,-122.40012,CA,Single-Family Home,858000,"$1,085,000",94030,,,,Sold,SAN MATEO
118,1388 Broadway,2.0,2.0,Millbrae,"1,246 sqft","Jul 9, 2013","$710,000",37.609,-122.40082,CA,Condo,710000,"$753,000",94030,,,,Sold,SAN MATEO
119,151 El Camino Real #123,,,Millbrae,,"Jul 5, 2013","$900,000",37.59949,-122.38932,CA,Condo,900000,,94030,,,,Sold,SAN MATEO
120,351 El Bonito Way,3.0,4.0,Millbrae,"2,320 sqft","Jun 27, 2013","$1,270,000",37.59492,-122.4054,CA,Single-Family Home,1270000,"$1,339,000",94030,,,,Sold,SAN MATEO
121,280 El Bonito Way,3.0,4.0,Millbrae,"1,990 sqft","Jun 26, 2013","$1,360,000",37.59621,-122.40545,CA,Single-Family Home,1360000,"$1,365,000",94030,,,,Sold,SAN MATEO
122,1112 Millbrae Ave,4.0,6.0,Millbrae,"3,203 sqft","Jun 26, 2013","$1,390,000",37.59302,-122.39896,CA,Single-Family Home,1390000,"$1,772,000",94030,,,,Sold,SAN MATEO
123,988 Evergreen Way,2.0,3.0,Millbrae,"1,600 sqft","Jun 26, 2013","$1,052,000",37.600662,-122.41528,CA,Single-Family Home,1052000,"$1,264,000",94030,,,,Sold,SAN MATEO
124,1145 Glenwood Dr,3.0,3.0,Millbrae,"1,750 sqft","Jun 25, 2013","$1,220,000",37.603897,-122.419624,CA,Single-Family Home,1220000,"$1,283,000",94030,,,,Sold,SAN MATEO
