id,address,bathroom,bedroom,city,formattedSqft,lastSaleDate,lastSalePrice,latitude,longitude,stateCode,typeDisplay,price,formattedTruliaEstimate,zipCode,neighborhood,walkScore,transitScore,status,county
1,691 N Oliveto Dr,,,Mountain House,,"Mar 10, 2014","$455,000",37.787838,-121.548935,CA,Lot/Land,455000,,95391,,,,Sold,SAN JOAQUIN
2,635 N Andalusia Way,2.5,3.0,Mountain House,"1,870 sqft","Mar 7, 2014","$380,000",37.78724,-121.54229,CA,Single-Family Home,380000,"$433,000",95391,,,,Sold,SAN JOAQUIN
3,132 N Lafayette St,2.5,3.0,Mountain House,"1,999 sqft","Mar 7, 2014","$405,000",37.78052,-121.54667,CA,Single-Family Home,405000,"$423,000",95391,,,,Sold,SAN JOAQUIN
4,722 S Comunidad St,3.0,4.0,Mountain House,"2,481 sqft","Mar 7, 2014","$280,000",37.76955,-121.54915,CA,Single-Family Home,280000,"$476,000",95391,,,,Sold,SAN JOAQUIN
5,295 W Saint Francis Ave,,,Mountain House,,"Mar 6, 2014","$419,000",37.78355,-121.5475,CA,Lot/Land,419000,,95391,,,,Sold,SAN JOAQUIN
6,94 N Echo Park Ct,3.0,4.0,Mountain House,"2,866 sqft","Mar 6, 2014","$500,000",37.7803,-121.549675,CA,Single-Family Home,500000,"$539,000",95391,,,,Sold,SAN JOAQUIN
7,18 S Tranquilidad Ct,2.5,4.0,Mountain House,"2,121 sqft","Mar 4, 2014","$400,000",37.779106,-121.548546,CA,Single-Family Home,400000,"$447,000",95391,,,,Sold,SAN JOAQUIN
8,328 W Abbey Ln,,,Mountain House,,"Feb 28, 2014","$399,500",37.78903,-121.54637,CA,Lot/Land,399500,,95391,,,,Sold,SAN JOAQUIN
9,289 W Saint Francis Ave,,,Mountain House,,"Feb 28, 2014","$345,500",37.783546,-121.54737,CA,Lot/Land,345500,,95391,,,,Sold,SAN JOAQUIN
10,312 W Abbey Ln,,,Mountain House,,"Feb 28, 2014","$395,000",37.78902,-121.54589,CA,Lot/Land,395000,,95391,,,,Sold,SAN JOAQUIN
11,791 N Marquis Way,,,Mountain House,,"Feb 28, 2014","$470,000",37.789505,-121.5478,CA,Lot/Land,470000,,95391,,,,Sold,SAN JOAQUIN
12,265 W Saint Francis Ave,,,Mountain House,,"Feb 28, 2014","$417,000",37.78355,-121.54686,CA,Lot/Land,417000,,95391,,,,Sold,SAN JOAQUIN
13,436 N Ventura St,,,Mountain House,,"Feb 28, 2014","$417,000",37.78476,-121.54721,CA,Lot/Land,417000,,95391,,,,Sold,SAN JOAQUIN
14,343 W Aventino Ave,,,Mountain House,,"Feb 28, 2014","$425,000",37.788483,-121.546486,CA,Lot/Land,425000,,95391,,,,Sold,SAN JOAQUIN
15,784 Samantha St,3.0,5.0,Mountain House,"3,706 sqft","Feb 28, 2014","$525,500",37.768406,-121.53958,CA,Single-Family Home,525500,"$563,000",95391,,,,Sold,SAN JOAQUIN
16,204 W Moraga St,,,Mountain House,,"Feb 28, 2014","$410,500",37.78393,-121.54539,CA,Lot/Land,410500,,95391,,,,Sold,SAN JOAQUIN
17,398 W San Juan Dr,,,Mountain House,,"Feb 28, 2014","$483,000",37.786144,-121.54857,CA,Lot/Land,483000,,95391,,,,Sold,SAN JOAQUIN
18,364 W Questa Trl,,,Mountain House,,"Feb 28, 2014","$391,500",37.789345,-121.54707,CA,Lot/Land,391500,,95391,,,,Sold,SAN JOAQUIN
19,296 W Moraga St,3.0,3.0,Mountain House,"1,821 sqft","Feb 28, 2014","$415,500",37.7839,-121.5475,CA,Condo,415500,"$348,000",95391,,,,Sold,SAN JOAQUIN
20,193 W Alcala Ct,,,Mountain House,,"Feb 27, 2014","$440,000",37.789906,-121.54348,CA,Lot/Land,440000,,95391,,,,Sold,SAN JOAQUIN
21,172 W Erics Way,3.0,3.0,Mountain House,"1,753 sqft","Feb 27, 2014","$355,000",37.783623,-121.54452,CA,Single-Family Home,355000,"$388,000",95391,,,,Sold,SAN JOAQUIN
22,632 W Jardin Ct,,,Mountain House,,"Feb 26, 2014","$595,500",37.78621,-121.55373,CA,Lot/Land,595500,,95391,,,,Sold,SAN JOAQUIN
23,464 W Felicidad Ave,2.5,4.0,Mountain House,"2,136 sqft","Feb 26, 2014","$415,000",37.77649,-121.55012,CA,Single-Family Home,415000,"$464,000",95391,,,,Sold,SAN JOAQUIN
24,360 W Questa Trl,,,Mountain House,,"Feb 21, 2014","$383,500",37.789333,-121.54694,CA,Lot/Land,383500,,95391,,,,Sold,SAN JOAQUIN
25,356 W Questa Trl,,,Mountain House,,"Feb 20, 2014","$387,500",37.789326,-121.54681,CA,Lot/Land,387500,,95391,,,,Sold,SAN JOAQUIN
26,216 N Lafayette St,2.5,4.0,Mountain House,"2,220 sqft","Feb 20, 2014","$405,000",37.78153,-121.54538,CA,Single-Family Home,405000,"$456,000",95391,,,,Sold,SAN JOAQUIN
27,514 Faulkner Ct,2.5,4.0,Mountain House,"2,384 sqft","Feb 20, 2014","$435,000",37.772522,-121.53623,CA,Single-Family Home,435000,"$440,000",95391,,,,Sold,SAN JOAQUIN
28,720 N Plumas Dr,,,Mountain House,,"Feb 19, 2014","$514,000",37.79158,-121.55332,CA,Lot/Land,514000,,95391,,,,Sold,SAN JOAQUIN
29,176 W Santa Cruz Way,3.0,3.0,Mountain House,"1,753 sqft","Feb 19, 2014","$335,000",37.783073,-121.54463,CA,Single-Family Home,335000,"$388,000",95391,,,,Sold,SAN JOAQUIN
30,728 N Plumas Dr,,,Mountain House,,"Feb 19, 2014","$547,000",37.7917,-121.55319,CA,Lot/Land,547000,,95391,,,,Sold,SAN JOAQUIN
31,368 W Miramonte Dr,3.0,4.0,Mountain House,"2,111 sqft","Feb 14, 2014","$431,000",37.790775,-121.5458,CA,Single-Family Home,431000,"$496,000",95391,,,,Sold,SAN JOAQUIN
32,252 W Terraza Way,2.5,3.0,Mountain House,"1,877 sqft","Feb 14, 2014","$370,000",37.775806,-121.54674,CA,Single-Family Home,370000,"$410,000",95391,,,,Sold,SAN JOAQUIN
33,236 W Lucita Way,3.0,3.0,Mountain House,"1,794 sqft","Feb 14, 2014","$297,000",37.77943,-121.54676,CA,Condo,297000,"$299,000",95391,,,,Sold,SAN JOAQUIN
34,352 W Questa Trl,,,Mountain House,,"Feb 14, 2014","$384,000",37.78932,-121.54668,CA,Lot/Land,384000,,95391,,,,Sold,SAN JOAQUIN
35,191 W Santa Cruz Way,2.5,2.0,Mountain House,"1,347 sqft","Feb 14, 2014","$315,000",37.783386,-121.54488,CA,Single-Family Home,315000,"$329,000",95391,,,,Sold,SAN JOAQUIN
36,232 W Alcala Ave,,,Mountain House,,"Feb 14, 2014","$510,000",37.78975,-121.54404,CA,Lot/Land,510000,,95391,,,,Sold,SAN JOAQUIN
37,238 W Conejo Ave,3.0,4.0,Mountain House,"2,823 sqft","Feb 13, 2014","$477,000",37.7683,-121.55019,CA,Single-Family Home,477000,"$525,000",95391,,,,Sold,SAN JOAQUIN
38,515 Bethell Ave,2.5,4.0,Mountain House,"2,088 sqft","Feb 12, 2014","$369,000",37.77549,-121.53618,CA,Single-Family Home,369000,"$413,000",95391,,,,Sold,SAN JOAQUIN
39,355 W Cupertino Ave,2.5,4.0,Mountain House,"2,892 sqft","Feb 12, 2014","$455,000",37.785545,-121.54867,CA,Single-Family Home,455000,"$526,000",95391,,,,Sold,SAN JOAQUIN
40,171 W Aventino Ave,2.5,3.0,Mountain House,"1,957 sqft","Feb 10, 2014","$382,000",37.788486,-121.54426,CA,Single-Family Home,382000,"$441,000",95391,,,,Sold,SAN JOAQUIN
41,359 W San Juan Dr,,,Mountain House,,"Feb 7, 2014","$532,000",37.786526,-121.54836,CA,Lot/Land,532000,,95391,,,,Sold,SAN JOAQUIN
42,772 N Questa Ct,,,Mountain House,,"Feb 6, 2014","$546,000",37.789436,-121.5483,CA,Single-Family Home,546000,,95391,,,,Sold,SAN JOAQUIN
43,454 N Ventura St,,,Mountain House,,"Feb 6, 2014","$396,000",37.784885,-121.54721,CA,Single-Family Home,396000,,95391,,,,Sold,SAN JOAQUIN
44,605 W Esplanade Dr,,,Mountain House,,"Feb 6, 2014","$485,000",37.791412,-121.55142,CA,Unknown,485000,,95391,,,,Sold,SAN JOAQUIN
45,746 N Montebello St,,,Mountain House,,"Feb 5, 2014","$509,000",37.78888,-121.549995,CA,Single-Family Home,509000,,95391,,,,Sold,SAN JOAQUIN
46,82 W Luna Loca Ln,2.5,3.0,Mountain House,"1,460 sqft","Jan 31, 2014","$210,000",37.776295,-121.54485,CA,Condo,210000,"$293,000",95391,,,,Sold,SAN JOAQUIN
47,204 W Heritage Dr,3.0,4.0,Mountain House,"2,081 sqft","Jan 31, 2014","$401,500",37.771103,-121.54935,CA,Single-Family Home,401500,"$473,000",95391,,,,Sold,SAN JOAQUIN
48,725 N Santa Inez Dr,,,Mountain House,,"Jan 31, 2014","$486,500",37.788345,-121.54973,CA,Multi-Family,486500,,95391,,,,Sold,SAN JOAQUIN
49,605 W Conejo Ave,4.0,5.0,Mountain House,"3,496 sqft","Jan 30, 2014","$529,000",37.77038,-121.55414,CA,Single-Family Home,529000,"$593,000",95391,,,,Sold,SAN JOAQUIN
50,114 Brett Ave,4.5,5.0,Mountain House,"4,202 sqft","Jan 30, 2014","$467,100",37.768944,-121.54363,CA,Single-Family Home,467100,"$617,000",95391,,,,Sold,SAN JOAQUIN
51,40 W Atento Ln,2.5,4.0,Mountain House,"2,341 sqft","Jan 30, 2014","$382,000",37.774864,-121.545525,CA,Single-Family Home,382000,"$445,000",95391,,,,Sold,SAN JOAQUIN
52,317 W Camarada Ct,3.0,4.0,Mountain House,"2,823 sqft","Jan 29, 2014","$449,000",37.768322,-121.55134,CA,Single-Family Home,449000,"$518,000",95391,,,,Sold,SAN JOAQUIN
53,165 W Santa Cruz Way,3.0,4.0,Mountain House,"2,236 sqft","Jan 28, 2014","$365,000",37.783394,-121.544395,CA,Single-Family Home,365000,"$445,000",95391,,,,Sold,SAN JOAQUIN
54,720 N Montebello St,,,Mountain House,,"Jan 28, 2014","$439,500",37.788662,-121.55024,CA,Lot/Land,439500,,95391,,,,Sold,SAN JOAQUIN
55,601 W Esplanade Dr,,,Mountain House,,"Jan 28, 2014","$504,000",37.791477,-121.55128,CA,Single-Family Home,504000,,95391,,,,Sold,SAN JOAQUIN
56,182 N Orinda St,2.5,4.0,Mountain House,"2,404 sqft","Jan 28, 2014","$430,000",37.781193,-121.54683,CA,Single-Family Home,430000,"$472,000",95391,,,,Sold,SAN JOAQUIN
57,63 W Verano Ct,4.0,5.0,Mountain House,"3,107 sqft","Jan 27, 2014","$495,000",37.77077,-121.54793,CA,Single-Family Home,495000,"$568,000",95391,,,,Sold,SAN JOAQUIN
58,503 W Viento St,2.5,4.0,Mountain House,"2,690 sqft","Jan 24, 2014","$457,000",37.777325,-121.55183,CA,Single-Family Home,457000,"$535,000",95391,,,,Sold,SAN JOAQUIN
59,660 W Cancion Ave,3.5,5.0,Mountain House,"4,082 sqft","Jan 24, 2014","$565,000",37.77759,-121.5554,CA,Single-Family Home,565000,"$611,000",95391,,,,Sold,SAN JOAQUIN
60,701 N Pergola Ct,,,Mountain House,,"Jan 24, 2014","$600,000",37.7922,-121.55474,CA,Unknown,600000,,95391,,,,Sold,SAN JOAQUIN
61,295 W Adoncia Dr,2.0,2.0,Mountain House,"1,262 sqft","Jan 23, 2014","$160,000",37.778744,-121.54713,CA,Condo,160000,"$229,000",95391,,,,Sold,SAN JOAQUIN
62,570 W Tramonto Dr,,,Mountain House,,"Jan 23, 2014","$609,000",37.786774,-121.55286,CA,Single-Family Home,609000,,95391,,,,Sold,SAN JOAQUIN
63,228 S Yucatan Pl,2.5,3.0,Mountain House,"1,454 sqft","Jan 23, 2014","$258,000",37.77712,-121.5451,CA,Condo,258000,"$265,000",95391,,,,Sold,SAN JOAQUIN
64,119 E Heritage Dr,2.5,4.0,Mountain House,"3,015 sqft","Jan 22, 2014","$465,000",37.770977,-121.54338,CA,Single-Family Home,465000,"$536,000",95391,,,,Sold,SAN JOAQUIN
65,328 W Questa Trl,,,Mountain House,,"Jan 17, 2014","$400,000",37.789303,-121.54626,CA,Lot/Land,400000,,95391,,,,Sold,SAN JOAQUIN
66,119 W Fauna Ct,3.0,4.0,Mountain House,"2,481 sqft","Jan 15, 2014","$445,000",37.769184,-121.54873,CA,Single-Family Home,445000,"$503,000",95391,,,,Sold,SAN JOAQUIN
67,135 S Pacifico St,2.5,4.0,Mountain House,"2,136 sqft","Jan 15, 2014","$400,000",37.777363,-121.54939,CA,Single-Family Home,400000,"$425,000",95391,,,,Sold,SAN JOAQUIN
68,394 W Aventino Ave,,,Mountain House,,"Jan 14, 2014","$479,500",37.788097,-121.548164,CA,Lot/Land,479500,,95391,,,,Sold,SAN JOAQUIN
69,228 W Heritage Dr,2.5,4.0,Mountain House,"2,743 sqft","Jan 10, 2014","$428,000",37.771137,-121.54954,CA,Single-Family Home,428000,"$504,000",95391,,,,Sold,SAN JOAQUIN
70,678 N San Marcos Dr,2.5,4.0,Mountain House,"2,556 sqft","Jan 10, 2014","$426,000",37.79018,-121.55359,CA,Single-Family Home,426000,"$529,000",95391,,,,Sold,SAN JOAQUIN
71,490 S Central Pkwy,3.0,4.0,Mountain House,"2,981 sqft","Jan 10, 2014","$475,000",37.773537,-121.5453,CA,Single-Family Home,475000,"$502,000",95391,,,,Sold,SAN JOAQUIN
72,356 S Paraiso Way,2.5,3.0,Mountain House,"1,863 sqft","Jan 10, 2014","$380,000",37.776196,-121.547066,CA,Single-Family Home,380000,"$409,000",95391,,,,Sold,SAN JOAQUIN
73,630 N Montebello St,3.0,4.0,Mountain House,"2,295 sqft","Jan 10, 2014","$465,000",37.78785,-121.55108,CA,Single-Family Home,465000,"$481,000",95391,,,,Sold,SAN JOAQUIN
74,285 W Adoncia Dr,3.0,3.0,Mountain House,"1,794 sqft","Jan 8, 2014","$280,000",37.778774,-121.54706,CA,Condo,280000,"$306,000",95391,,,,Sold,SAN JOAQUIN
75,224 S Yucatan Pl,2.5,3.0,Mountain House,"1,454 sqft","Jan 8, 2014","$260,000",37.77718,-121.545135,CA,Condo,260000,"$267,000",95391,,,,Sold,SAN JOAQUIN
76,81 N Boyle Heights Ct,3.0,4.0,Mountain House,"2,481 sqft","Jan 6, 2014","$437,000",37.78014,-121.55102,CA,Single-Family Home,437000,"$475,000",95391,,,,Sold,SAN JOAQUIN
77,595 W Pasadena Ave,2.5,4.0,Mountain House,"2,781 sqft","Jan 3, 2014","$499,000",37.782463,-121.55356,CA,Single-Family Home,499000,"$540,000",95391,,,,Sold,SAN JOAQUIN
78,719 N Pergola Ct,,,Mountain House,,"Dec 31, 2013","$510,000",37.79247,-121.55426,CA,Unknown,510000,,95391,,,,Sold,SAN JOAQUIN
79,254 W Moraga St,,,Mountain House,,"Dec 31, 2013","$424,000",37.783913,-121.546616,CA,Single-Family Home,424000,,95391,,,,Sold,SAN JOAQUIN
80,447 W Callado Ave,3.0,3.0,Mountain House,"2,037 sqft","Dec 31, 2013","$445,000",37.778313,-121.55046,CA,Single-Family Home,445000,"$443,000",95391,,,,Sold,SAN JOAQUIN
81,127 W Patio Ln,2.5,4.0,Mountain House,"2,341 sqft","Dec 31, 2013","$380,000",37.77352,-121.54708,CA,Single-Family Home,380000,"$437,000",95391,,,,Sold,SAN JOAQUIN
82,410 W Gravino Dr,,,Mountain House,,"Dec 31, 2013","$538,000",37.786846,-121.54905,CA,Lot/Land,538000,,95391,,,,Sold,SAN JOAQUIN
83,313 W Aventino Ave,,,Mountain House,,"Dec 31, 2013","$400,000",37.78847,-121.54588,CA,Single-Family Home,400000,,95391,,,,Sold,SAN JOAQUIN
84,44 S Rio Rapido Dr,3.0,3.0,Mountain House,"1,799 sqft","Dec 30, 2013","$275,000",37.779514,-121.54566,CA,Condo,275000,"$297,000",95391,,,,Sold,SAN JOAQUIN
85,25 S Alonsa Ln,2.5,3.0,Mountain House,"1,452 sqft","Dec 30, 2013","$182,000",37.779568,-121.54763,CA,Condo,182000,"$241,000",95391,,,,Sold,SAN JOAQUIN
86,270 W Saint Francis Ave,,,Mountain House,,"Dec 30, 2013","$400,500",37.78314,-121.54696,CA,Unknown,400500,,95391,,,,Sold,SAN JOAQUIN
87,319 W Tuscan Ln,,,Mountain House,,"Dec 30, 2013","$390,000",37.78875,-121.54614,CA,Unknown,390000,,95391,,,,Sold,SAN JOAQUIN
88,254 W Alcala Ave,,,Mountain House,,"Dec 30, 2013","$435,000",37.78985,-121.54419,CA,Lot/Land,435000,,95391,,,,Sold,SAN JOAQUIN
89,209 W Santa Cruz Way,3.0,4.0,Mountain House,"2,236 sqft","Dec 24, 2013","$374,500",37.783382,-121.54549,CA,Single-Family Home,374500,"$446,000",95391,,,,Sold,SAN JOAQUIN
90,703 N San Marcos Dr,,,Mountain House,,"Dec 24, 2013","$583,000",37.790997,-121.55346,CA,Lot/Land,583000,,95391,,,,Sold,SAN JOAQUIN
91,735 N Pergola Ct,,,Mountain House,,"Dec 24, 2013","$535,000",37.792606,-121.553925,CA,Lot/Land,535000,,95391,,,,Sold,SAN JOAQUIN
92,231 W La Flor Ln,2.5,3.0,Mountain House,"1,454 sqft","Dec 24, 2013","$270,000",37.779873,-121.54692,CA,Single-Family Home,270000,"$317,000",95391,,,,Sold,SAN JOAQUIN
93,188 W Charlene Ct,2.5,4.0,Mountain House,"2,404 sqft","Dec 24, 2013","$426,000",37.780582,-121.54631,CA,Single-Family Home,426000,"$485,000",95391,,,,Sold,SAN JOAQUIN
94,729 N San Marcos Dr,,,Mountain House,,"Dec 23, 2013","$570,000",37.791473,-121.55297,CA,Unknown,570000,,95391,,,,Sold,SAN JOAQUIN
95,225 W Santa Barbara Way,2.5,2.0,Mountain House,"1,347 sqft","Dec 23, 2013","$195,000",37.78283,-121.545845,CA,Single-Family Home,195000,"$335,000",95391,,,,Sold,SAN JOAQUIN
96,464 Sullivan Way,2.5,4.0,Mountain House,"2,624 sqft","Dec 23, 2013","$420,000",37.7672,-121.53773,CA,Single-Family Home,420000,"$535,000",95391,,,,Sold,SAN JOAQUIN
97,311 W Tuscan Ln,,,Mountain House,,"Dec 20, 2013","$399,000",37.788746,-121.5459,CA,Single-Family Home,399000,,95391,,,,Sold,SAN JOAQUIN
98,178 W Alcala Ct,,,Mountain House,,"Dec 20, 2013","$508,000",37.78925,-121.54343,CA,Lot/Land,508000,,95391,,,,Sold,SAN JOAQUIN
99,337 W Aventino Ave,,,Mountain House,,"Dec 20, 2013","$397,000",37.788483,-121.546364,CA,Unknown,397000,,95391,,,,Sold,SAN JOAQUIN
100,616 W Jardin Ct,,,Mountain House,,"Dec 20, 2013","$662,072",37.786224,-121.55363,CA,Single-Family Home,662072,,95391,,,,Sold,SAN JOAQUIN
101,183 W Alcala Ct,,,Mountain House,,"Dec 20, 2013","$425,000",37.789715,-121.54319,CA,Lot/Land,425000,,95391,,,,Sold,SAN JOAQUIN
102,306 W Questa Trl,,,Mountain House,,"Dec 20, 2013","$395,500",37.78929,-121.54578,CA,Single-Family Home,395500,,95391,,,,Sold,SAN JOAQUIN
103,621 W Jardin Ct,,,Mountain House,,"Dec 19, 2013","$630,000",37.786484,-121.55375,CA,Single-Family Home,630000,,95391,,,,Sold,SAN JOAQUIN
104,660 N Oliveto Dr,,,Mountain House,,"Dec 19, 2013","$545,000",37.78757,-121.548416,CA,Unknown,545000,,95391,,,,Sold,SAN JOAQUIN
105,242 E Heritage Dr,3.0,5.0,Mountain House,"3,706 sqft","Dec 17, 2013","$560,000",37.770554,-121.54142,CA,Single-Family Home,560000,"$564,000",95391,,,,Sold,SAN JOAQUIN
106,565 Leah Ln,3.5,4.0,Mountain House,"2,865 sqft","Dec 13, 2013","$489,000",37.771454,-121.536606,CA,Single-Family Home,489000,"$526,000",95391,,,,Sold,SAN JOAQUIN
107,820 N Mondello Dr,,,Mountain House,,"Dec 13, 2013","$439,000",37.789173,-121.544044,CA,Lot/Land,439000,,95391,,,,Sold,SAN JOAQUIN
108,687 N Santa Inez Dr,,,Mountain House,,"Dec 13, 2013","$469,000",37.7882,-121.54988,CA,Unknown,469000,,95391,,,,Sold,SAN JOAQUIN
109,553 W Pasadena Ave,3.5,5.0,Mountain House,"3,362 sqft","Dec 11, 2013","$520,000",37.782475,-121.552864,CA,Single-Family Home,520000,"$617,000",95391,,,,Sold,SAN JOAQUIN
110,576 N Oliveto Dr,,,Mountain House,,"Dec 9, 2013","$439,500",37.78681,-121.54841,CA,Single-Family Home,439500,,95391,,,,Sold,SAN JOAQUIN
111,428 Steven St,2.5,4.0,Mountain House,"1,969 sqft","Dec 6, 2013","$408,000",37.774036,-121.54393,CA,Single-Family Home,408000,"$414,000",95391,,,,Sold,SAN JOAQUIN
112,784 N Questa Ct,,,Mountain House,,"Dec 5, 2013","$515,000",37.789516,-121.54828,CA,Multi-Family,515000,,95391,,,,Sold,SAN JOAQUIN
113,702 W Glendora Ave,3.5,4.0,Mountain House,"3,014 sqft","Dec 4, 2013","$473,000",37.78128,-121.55523,CA,Single-Family Home,473000,"$582,000",95391,,,,Sold,SAN JOAQUIN
114,790 N Questa Ct,,,Mountain House,,"Dec 3, 2013","$509,500",37.789555,-121.54826,CA,Unknown,509500,,95391,,,,Sold,SAN JOAQUIN
115,268 S Yucatan Pl,2.0,2.0,Mountain House,"1,262 sqft","Dec 3, 2013","$185,000",37.77688,-121.54512,CA,Condo,185000,"$219,000",95391,,,,Sold,SAN JOAQUIN
116,450 N Ventura St,2.0,3.0,Mountain House,"1,691 sqft","Dec 3, 2013","$420,000",37.784927,-121.54747,CA,Single-Family Home,420000,"$447,000",95391,,,,Sold,SAN JOAQUIN
117,675 N Oliveto Dr,,,Mountain House,,"Dec 2, 2013","$538,000",37.787685,-121.54897,CA,Single-Family Home,538000,,95391,,,,Sold,SAN JOAQUIN
118,462 N Ventura St,,,Mountain House,,"Nov 27, 2013","$424,000",37.78518,-121.54722,CA,Single-Family Home,424000,,95391,,,,Sold,SAN JOAQUIN
119,266 W Moraga St,,,Mountain House,,"Nov 27, 2013","$380,000",37.783916,-121.54687,CA,Single-Family Home,380000,,95391,,,,Sold,SAN JOAQUIN
120,325 W Aventino Ave,,,Mountain House,,"Nov 27, 2013","$403,000",37.788475,-121.54613,CA,Single-Family Home,403000,,95391,,,,Sold,SAN JOAQUIN
121,155 E Heritage Dr,2.5,4.0,Mountain House,"3,015 sqft","Nov 27, 2013","$442,000",37.771034,-121.542725,CA,Single-Family Home,442000,"$503,000",95391,,,,Sold,SAN JOAQUIN
122,679 N Santa Inez Dr,,,Mountain House,,"Nov 27, 2013","$460,500",37.78817,-121.54991,CA,Multi-Family,460500,,95391,,,,Sold,SAN JOAQUIN
123,646 N Oliveto Dr,,,Mountain House,,"Nov 27, 2013","$445,000",37.787415,-121.548416,CA,Unknown,445000,,95391,,,,Sold,SAN JOAQUIN
124,468 N Ventura St,,,Mountain House,,"Nov 27, 2013","$456,000",37.785133,-121.54748,CA,Single-Family Home,456000,,95391,,,,Sold,SAN JOAQUIN
125,594 N Oliveto Dr,,,Mountain House,,"Nov 26, 2013","$560,000",37.78696,-121.54841,CA,Single-Family Home,560000,,95391,,,,Sold,SAN JOAQUIN
126,747 N Pergola Ct,,,Mountain House,,"Nov 26, 2013","$630,000",37.792797,-121.55353,CA,Multi-Family,630000,,95391,,,,Sold,SAN JOAQUIN
127,714 N Plumas Dr,,,Mountain House,,"Nov 26, 2013","$601,500",37.791462,-121.553444,CA,Multi-Family,601500,,95391,,,,Sold,SAN JOAQUIN
128,285 W Prosperidad Way,3.0,4.0,Mountain House,"2,193 sqft","Nov 26, 2013","$420,000",37.775448,-121.5479,CA,Single-Family Home,420000,"$438,000",95391,,,,Sold,SAN JOAQUIN
129,595 N Ortega Dr,2.5,3.0,Mountain House,"1,957 sqft","Nov 26, 2013","$425,000",37.78705,-121.54493,CA,Single-Family Home,425000,"$496,000",95391,,,,Sold,SAN JOAQUIN
130,623 N Oliveto Dr,,,Mountain House,,"Nov 25, 2013","$454,500",37.787212,-121.54893,CA,Single-Family Home,454500,,95391,,,,Sold,SAN JOAQUIN
131,423 N Palo Alto St,3.0,4.0,Mountain House,"3,347 sqft","Nov 22, 2013","$550,000",37.784546,-121.556404,CA,Single-Family Home,550000,"$579,000",95391,,,,Sold,SAN JOAQUIN
132,343 W Viento St,2.5,3.0,Mountain House,"1,552 sqft","Nov 22, 2013","$353,000",37.77884,-121.54831,CA,Single-Family Home,353000,"$374,000",95391,,,,Sold,SAN JOAQUIN
133,278 W Moraga St,,,Mountain House,,"Nov 22, 2013","$377,500",37.783913,-121.54711,CA,Lot/Land,377500,,95391,,,,Sold,SAN JOAQUIN
134,684 N Montebello St,,,Mountain House,,"Nov 21, 2013","$491,000",37.788326,-121.5506,CA,Multi-Family,491000,,95391,,,,Sold,SAN JOAQUIN
135,166 S Estados St,3.5,5.0,Mountain House,"4,082 sqft","Nov 21, 2013","$599,000",37.776104,-121.555824,CA,Single-Family Home,599000,"$602,000",95391,,,,Sold,SAN JOAQUIN
136,676 N Montebello St,,,Mountain House,,"Nov 20, 2013","$479,500",37.78826,-121.55067,CA,Single-Family Home,479500,,95391,,,,Sold,SAN JOAQUIN
137,388 W Aventino Ave,,,Mountain House,,"Nov 19, 2013","$520,500",37.788094,-121.547966,CA,Single-Family Home,520500,,95391,,,,Sold,SAN JOAQUIN
138,702 N Plumas Dr,,,Mountain House,,"Nov 15, 2013","$574,500",37.791363,-121.55374,CA,Multi-Family,574500,,95391,,,,Sold,SAN JOAQUIN
139,842 N Mondello Dr,,,Mountain House,,"Nov 15, 2013","$504,000",37.789307,-121.54392,CA,Single-Family Home,504000,,95391,,,,Sold,SAN JOAQUIN
140,888 N Mondello Dr,,,Mountain House,,"Nov 15, 2013","$471,000",37.78956,-121.54367,CA,Lot/Land,471000,,95391,,,,Sold,SAN JOAQUIN
141,333 Steven St,2.5,3.0,Mountain House,"1,887 sqft","Nov 15, 2013","$360,000",37.77508,-121.543785,CA,Single-Family Home,360000,"$420,000",95391,,,,Sold,SAN JOAQUIN
142,179 W Alcala Ct,,,Mountain House,,"Nov 14, 2013","$496,000",37.789623,-121.54304,CA,Unknown,496000,,95391,,,,Sold,SAN JOAQUIN
143,171 W Alcala Ct,,,Mountain House,,"Nov 14, 2013","$494,000",37.789364,-121.542625,CA,Single-Family Home,494000,,95391,,,,Sold,SAN JOAQUIN
144,283 W Saint Francis Ave,,,Mountain House,,"Nov 13, 2013","$383,000",37.78355,-121.54724,CA,Single-Family Home,383000,,95391,,,,Sold,SAN JOAQUIN
145,305 W Aventino Ave,,,Mountain House,,"Nov 13, 2013","$427,500",37.788467,-121.54576,CA,Unknown,427500,,95391,,,,Sold,SAN JOAQUIN
146,530 N Umbria Pl,,,Mountain House,,"Nov 13, 2013","$546,500",37.786873,-121.553986,CA,Single-Family Home,546500,,95391,,,,Sold,SAN JOAQUIN
147,156 W Patio Ln,2.5,3.0,Mountain House,"1,671 sqft","Nov 12, 2013","$330,000",37.77327,-121.54759,CA,Single-Family Home,330000,"$394,000",95391,,,,Sold,SAN JOAQUIN
148,690 W Corazon Way,3.5,4.0,Mountain House,"3,183 sqft","Nov 8, 2013","$562,000",37.76837,-121.5559,CA,Single-Family Home,562000,"$535,000",95391,,,,Sold,SAN JOAQUIN
149,537 S Tradition St,3.0,4.0,Mountain House,"2,869 sqft","Nov 8, 2013","$400,000",37.772064,-121.542404,CA,Single-Family Home,400000,"$516,000",95391,,,,Sold,SAN JOAQUIN
150,538 N Umbria Pl,,,Mountain House,,"Nov 8, 2013","$623,500",37.786987,-121.55394,CA,Single-Family Home,623500,,95391,,,,Sold,SAN JOAQUIN
151,842 S Lista St,3.0,4.0,Mountain House,"2,481 sqft","Nov 8, 2013","$440,000",37.76816,-121.55096,CA,Single-Family Home,440000,"$458,000",95391,,,,Sold,SAN JOAQUIN
152,166 S Caballo St,2.5,4.0,Mountain House,"2,936 sqft","Nov 8, 2013","$450,000",37.7765,-121.553055,CA,Single-Family Home,450000,"$487,000",95391,,,,Sold,SAN JOAQUIN
153,277 W Saint Francis Ave,,,Mountain House,,"Nov 8, 2013","$371,000",37.78355,-121.54711,CA,Single-Family Home,371000,,95391,,,,Sold,SAN JOAQUIN
154,173 W Charlene Ct,2.5,4.0,Mountain House,"2,404 sqft","Nov 7, 2013","$441,000",37.78083,-121.54567,CA,Single-Family Home,441000,"$473,000",95391,,,,Sold,SAN JOAQUIN
155,319 W Aventino Ave,,,Mountain House,,"Nov 6, 2013","$428,000",37.78847,-121.546005,CA,Single-Family Home,428000,,95391,,,,Sold,SAN JOAQUIN
156,16 W Belleza Ln,2.5,3.0,Mountain House,"2,341 sqft","Nov 5, 2013","$469,000",37.773716,-121.54598,CA,Single-Family Home,469000,"$467,000",95391,,,,Sold,SAN JOAQUIN
157,115 N Alta Dena St,2.5,4.0,Mountain House,"2,781 sqft","Nov 4, 2013","$470,000",37.780544,-121.553276,CA,Single-Family Home,470000,"$533,000",95391,,,,Sold,SAN JOAQUIN
158,688 N Oliveto Dr,,,Mountain House,,"Nov 4, 2013","$514,500",37.78773,-121.5484,CA,Single-Family Home,514500,,95391,,,,Sold,SAN JOAQUIN
159,187 W Alcala Ct,,,Mountain House,,"Nov 1, 2013","$515,500",37.789814,-121.543335,CA,Lot/Land,515500,,95391,,,,Sold,SAN JOAQUIN
160,458 N Ventura St,,,Mountain House,,"Oct 31, 2013","$400,000",37.785034,-121.54721,CA,Single-Family Home,400000,,95391,,,,Sold,SAN JOAQUIN
161,719 N Plumas Dr,,,Mountain House,,"Oct 31, 2013","$584,000",37.79173,-121.55382,CA,Single-Family Home,584000,,95391,,,,Sold,SAN JOAQUIN
162,132 W Del Prado Ct,2.5,3.0,Mountain House,"2,058 sqft","Oct 31, 2013","$269,500",37.786037,-121.54312,CA,Single-Family Home,269500,"$433,000",95391,,,,Sold,SAN JOAQUIN
163,410 W Verano Way,2.5,4.0,Mountain House,"2,501 sqft","Oct 30, 2013","$400,000",37.770927,-121.55152,CA,Single-Family Home,400000,"$467,000",95391,,,,Sold,SAN JOAQUIN
164,51 W Luna Loca Ln,2.0,2.0,Mountain House,"1,262 sqft","Oct 30, 2013","$207,000",37.776367,-121.544464,CA,Condo,207000,"$243,000",95391,,,,Sold,SAN JOAQUIN
165,368 Carroll St,2.5,4.0,Mountain House,"2,537 sqft","Oct 29, 2013","$425,000",37.774227,-121.54051,CA,Single-Family Home,425000,"$478,000",95391,,,,Sold,SAN JOAQUIN
166,786 N San Marcos Dr,,,Mountain House,,"Oct 29, 2013","$463,000",37.79189,-121.5517,CA,Multi-Family,463000,,95391,,,,Sold,SAN JOAQUIN
167,301 W Aventino Ave,,,Mountain House,,"Oct 25, 2013","$401,000",37.788418,-121.5457,CA,Single-Family Home,401000,,95391,,,,Sold,SAN JOAQUIN
168,398 W Aventino Ave,,,Mountain House,,"Oct 24, 2013","$450,000",37.7881,-121.54837,CA,Single-Family Home,450000,,95391,,,,Sold,SAN JOAQUIN
169,580 Obrien Ct,2.5,3.0,Mountain House,"1,932 sqft","Oct 24, 2013","$409,000",37.774002,-121.53508,CA,Single-Family Home,409000,"$432,000",95391,,,,Sold,SAN JOAQUIN
170,260 W Moraga St,,,Mountain House,,"Oct 23, 2013","$374,500",37.783916,-121.54675,CA,Single-Family Home,374500,,95391,,,,Sold,SAN JOAQUIN
171,770 N San Marcos Dr,,,Mountain House,,"Oct 22, 2013","$471,000",37.79174,-121.55202,CA,Multi-Family,471000,,95391,,,,Sold,SAN JOAQUIN
172,34 Felicia Ave,3.0,5.0,Mountain House,"3,497 sqft","Oct 22, 2013","$521,000",37.768135,-121.54604,CA,Single-Family Home,521000,"$567,000",95391,,,,Sold,SAN JOAQUIN
173,626 Farrington St,4.0,5.0,Mountain House,"3,002 sqft","Oct 18, 2013","$505,000",37.770473,-121.534935,CA,Single-Family Home,505000,"$525,000",95391,,,,Sold,SAN JOAQUIN
174,105 S Tranquilidad St,2.0,3.0,Mountain House,"1,367 sqft","Oct 18, 2013","$324,000",37.77809,-121.54866,CA,Single-Family Home,324000,"$376,000",95391,,,,Sold,SAN JOAQUIN
175,427 S Tradition St,2.5,4.0,Mountain House,"2,054 sqft","Oct 18, 2013","$325,000",37.773823,-121.54222,CA,Single-Family Home,325000,"$419,000",95391,,,,Sold,SAN JOAQUIN
176,639 N Oliveto Dr,,,Mountain House,,"Oct 18, 2013","$533,500",37.787373,-121.54893,CA,Unknown,533500,,95391,,,,Sold,SAN JOAQUIN
177,668 N Montebello St,,,Mountain House,,"Oct 17, 2013","$410,500",37.78819,-121.55075,CA,Single-Family Home,410500,,95391,,,,Sold,SAN JOAQUIN
178,660 N Montebello St,,,Mountain House,,"Oct 16, 2013","$406,000",37.788116,-121.55082,CA,Single-Family Home,406000,,95391,,,,Sold,SAN JOAQUIN
179,663 N Santa Inez Dr,,,Mountain House,,"Oct 16, 2013","$406,000",37.787876,-121.55021,CA,Single-Family Home,406000,,95391,,,,Sold,SAN JOAQUIN
180,339 Hatheway St,2.5,3.0,Mountain House,"1,932 sqft","Oct 15, 2013","$355,000",37.774853,-121.53583,CA,Single-Family Home,355000,"$426,000",95391,,,,Sold,SAN JOAQUIN
181,705 N Oliveto Dr,,,Mountain House,,"Oct 11, 2013","$544,500",37.788,-121.54889,CA,Unknown,544500,,95391,,,,Sold,SAN JOAQUIN
182,575 W Las Brisas Dr,4.0,6.0,Mountain House,"3,389 sqft","Oct 11, 2013","$495,000",37.774082,-121.55259,CA,Single-Family Home,495000,"$531,000",95391,,,,Sold,SAN JOAQUIN
183,171 Winter Ln,2.5,4.0,Mountain House,"1,969 sqft","Oct 11, 2013","$415,000",37.775215,-121.54201,CA,Single-Family Home,415000,"$428,000",95391,,,,Sold,SAN JOAQUIN
184,720 N Pergola Ct,,,Mountain House,,"Oct 11, 2013","$619,500",37.792084,-121.55399,CA,Single-Family Home,619500,,95391,,,,Sold,SAN JOAQUIN
185,655 N Santa Inez Dr,,,Mountain House,,"Oct 10, 2013","$408,500",37.787804,-121.550285,CA,Multi-Family,408500,,95391,,,,Sold,SAN JOAQUIN
186,632 W Tramonto Dr,,,Mountain House,,"Oct 8, 2013","$527,500",37.787113,-121.55362,CA,Unknown,527500,,95391,,,,Sold,SAN JOAQUIN
187,259 W Saint Francis Ave,,,Mountain House,,"Oct 4, 2013","$376,000",37.783554,-121.54673,CA,Single-Family Home,376000,,95391,,,,Sold,SAN JOAQUIN
188,618 W Tramonto Dr,,,Mountain House,,"Oct 3, 2013","$534,000",37.787025,-121.553444,CA,Single-Family Home,534000,,95391,,,,Sold,SAN JOAQUIN
189,888 N Melita Way,3.0,4.0,Mountain House,"3,664 sqft","Oct 3, 2013","$615,000",37.79384,-121.55126,CA,Single-Family Home,615000,"$683,000",95391,,,,Sold,SAN JOAQUIN
190,295 Ashlee Ave,2.0,4.0,Mountain House,"2,808 sqft","Oct 2, 2013","$490,000",37.767467,-121.54085,CA,Single-Family Home,490000,"$547,000",95391,,,,Sold,SAN JOAQUIN
191,433 Steven St,3.0,4.0,Mountain House,"2,451 sqft","Oct 2, 2013","$400,000",37.774193,-121.54436,CA,Single-Family Home,400000,"$468,000",95391,,,,Sold,SAN JOAQUIN
192,604 W Tramonto Dr,,,Mountain House,,"Oct 2, 2013","$489,500",37.78695,-121.55328,CA,Unknown,489500,,95391,,,,Sold,SAN JOAQUIN
193,166 S Libertad St,3.0,4.0,Mountain House,"2,276 sqft","Oct 2, 2013","$400,000",37.77711,-121.54955,CA,Single-Family Home,400000,"$472,000",95391,,,,Sold,SAN JOAQUIN
194,546 Freeman Way,2.0,4.0,Mountain House,"2,004 sqft","Oct 1, 2013","$409,000",37.768726,-121.53582,CA,Single-Family Home,409000,"$427,000",95391,,,,Sold,SAN JOAQUIN
195,669 W Las Brisas Dr,3.0,4.0,Mountain House,"3,092 sqft","Oct 1, 2013","$490,000",37.773037,-121.55492,CA,Single-Family Home,490000,"$517,000",95391,,,,Sold,SAN JOAQUIN
196,584 W Tramonto Dr,,,Mountain House,,"Oct 1, 2013","$521,500",37.786835,-121.55303,CA,Single-Family Home,521500,,95391,,,,Sold,SAN JOAQUIN
197,766 N Questa Ct,,,Mountain House,,"Sep 30, 2013","$476,000",37.7894,-121.54832,CA,Single-Family Home,476000,,95391,,,,Sold,SAN JOAQUIN
198,844 N San Remo Ln,,,Mountain House,,"Sep 30, 2013","$445,000",37.79028,-121.5462,CA,Lot/Land,445000,,95391,,,,Sold,SAN JOAQUIN
199,307 W Tuscan Ln,,,Mountain House,,"Sep 27, 2013","$385,000",37.788742,-121.54578,CA,Single-Family Home,385000,,95391,,,,Sold,SAN JOAQUIN
200,713 N Pergola Ct,,,Mountain House,,"Sep 27, 2013","$596,500",37.792404,-121.55443,CA,Single-Family Home,596500,,95391,,,,Sold,SAN JOAQUIN
201,741 N Pergola Ct,,,Mountain House,,"Sep 27, 2013","$577,000",37.792683,-121.55376,CA,Single-Family Home,577000,,95391,,,,Sold,SAN JOAQUIN
202,665 Ellerbrook St,3.0,4.0,Mountain House,"3,182 sqft","Sep 27, 2013","$545,000",37.77,-121.53728,CA,Single-Family Home,545000,"$555,000",95391,,,,Sold,SAN JOAQUIN
203,253 W Saint Francis Ave,,,Mountain House,,"Sep 27, 2013","$403,500",37.783554,-121.546585,CA,Single-Family Home,403500,,95391,,,,Sold,SAN JOAQUIN
204,672 S Escuela Dr,2.5,4.0,Mountain House,"2,501 sqft","Sep 27, 2013","$450,000",37.771717,-121.55293,CA,Single-Family Home,450000,"$474,000",95391,,,,Sold,SAN JOAQUIN
205,308 W Abbey Ln,,,Mountain House,,"Sep 27, 2013","$423,500",37.789017,-121.54577,CA,Unknown,423500,,95391,,,,Sold,SAN JOAQUIN
206,246 W Moraga St,,,Mountain House,,"Sep 27, 2013","$389,500",37.78393,-121.54627,CA,Single-Family Home,389500,,95391,,,,Sold,SAN JOAQUIN
207,760 N Questa Ct,,,Mountain House,,"Sep 26, 2013","$554,500",37.78936,-121.54833,CA,Single-Family Home,554500,,95391,,,,Sold,SAN JOAQUIN
208,254 W Fauna Ave,3.0,4.0,Mountain House,"2,481 sqft","Sep 26, 2013","$440,000",37.769066,-121.55045,CA,Single-Family Home,440000,"$453,000",95391,,,,Sold,SAN JOAQUIN
209,303 W Tuscan Ln,,,Mountain House,,"Sep 25, 2013","$400,000",37.78874,-121.54563,CA,Single-Family Home,400000,,95391,,,,Sold,SAN JOAQUIN
210,153 W Invitar Ln,2.5,3.0,Mountain House,"1,398 sqft","Sep 24, 2013","$315,000",37.774364,-121.546936,CA,Single-Family Home,315000,"$358,000",95391,,,,Sold,SAN JOAQUIN
211,769 N Questa Ct,,,Mountain House,,"Sep 24, 2013","$471,500",37.78949,-121.548645,CA,Unknown,471500,,95391,,,,Sold,SAN JOAQUIN
212,124 S Pacifico St,3.0,3.0,Mountain House,"2,037 sqft","Sep 24, 2013","$400,000",37.777657,-121.54901,CA,Single-Family Home,400000,"$472,000",95391,,,,Sold,SAN JOAQUIN
213,182 W Alcala Ct,,,Mountain House,,"Sep 24, 2013","$503,000",37.78936,-121.54355,CA,Lot/Land,503000,,95391,,,,Sold,SAN JOAQUIN
214,70 W Admirable Ln,2.5,3.0,Mountain House,"1,398 sqft","Sep 24, 2013","$325,000",37.775352,-121.54514,CA,Single-Family Home,325000,"$367,000",95391,,,,Sold,SAN JOAQUIN
215,356 W Fauna Ave,4.0,5.0,Mountain House,"2,968 sqft","Sep 24, 2013","$440,000",37.769367,-121.55155,CA,Single-Family Home,440000,"$498,000",95391,,,,Sold,SAN JOAQUIN
216,82 N Alta Dena St,2.5,4.0,Mountain House,"2,781 sqft","Sep 23, 2013","$507,000",37.7799,-121.55234,CA,Single-Family Home,507000,"$514,000",95391,,,,Sold,SAN JOAQUIN
217,258 W Lucita Way,2.0,2.0,Mountain House,"1,275 sqft","Sep 20, 2013","$205,000",37.77927,-121.54708,CA,Condo,205000,"$216,000",95391,,,,Sold,SAN JOAQUIN
218,170 W Alcala Ct,,,Mountain House,,"Sep 20, 2013","$570,500",37.789055,-121.543015,CA,Single-Family Home,570500,,95391,,,,Sold,SAN JOAQUIN
219,654 N Montebello St,,,Mountain House,,"Sep 20, 2013","$415,500",37.788063,-121.55088,CA,Single-Family Home,415500,,95391,,,,Sold,SAN JOAQUIN
220,240 W Moraga St,,,Mountain House,,"Sep 20, 2013","$427,500",37.783936,-121.546135,CA,Single-Family Home,427500,,95391,,,,Sold,SAN JOAQUIN
221,234 W Moraga St,,,Mountain House,,"Sep 19, 2013","$372,000",37.783936,-121.54601,CA,Single-Family Home,372000,,95391,,,,Sold,SAN JOAQUIN
222,462 Goodall Dr,3.0,4.0,Mountain House,"1,817 sqft","Sep 19, 2013","$397,000",37.773277,-121.53702,CA,Single-Family Home,397000,"$416,000",95391,,,,Sold,SAN JOAQUIN
223,763 N Questa Ct,,,Mountain House,,"Sep 19, 2013","$526,500",37.78945,-121.54866,CA,Unknown,526500,,95391,,,,Sold,SAN JOAQUIN
224,174 W Alcala Ct,,,Mountain House,,"Sep 18, 2013","$541,500",37.78909,-121.543274,CA,Lot/Land,541500,,95391,,,,Sold,SAN JOAQUIN
225,646 N Montebello St,,,Mountain House,,"Sep 18, 2013","$399,000",37.78799,-121.55096,CA,Multi-Family,399000,,95391,,,,Sold,SAN JOAQUIN
226,108 Bryant Ave,4.5,5.0,Mountain House,"3,791 sqft","Sep 18, 2013","$552,500",37.7673,-121.54408,CA,Single-Family Home,552500,"$598,000",95391,,,,Sold,SAN JOAQUIN
227,372 W Viento St,2.5,3.0,Mountain House,"1,813 sqft","Sep 18, 2013","$381,000",37.777813,-121.54882,CA,Single-Family Home,381000,"$391,000",95391,,,,Sold,SAN JOAQUIN
228,228 W Moraga St,,,Mountain House,,"Sep 17, 2013","$420,500",37.783936,-121.54589,CA,Lot/Land,420500,,95391,,,,Sold,SAN JOAQUIN
229,222 W Santa Cruz Way,3.0,4.0,Mountain House,"2,236 sqft","Sep 16, 2013","$392,500",37.783066,-121.54572,CA,Single-Family Home,392500,"$435,000",95391,,,,Sold,SAN JOAQUIN
230,292 W Saint Francis Ave,3.0,3.0,Mountain House,"1,753 sqft","Sep 13, 2013","$330,000",37.783134,-121.54735,CA,Single-Family Home,330000,"$425,000",95391,,,,Sold,SAN JOAQUIN
231,721 W Questa Trl,,,Mountain House,,"Sep 13, 2013","$520,500",37.792522,-121.55115,CA,Unknown,520500,,95391,,,,Sold,SAN JOAQUIN
232,363 S Tradition St,3.0,3.0,Mountain House,"1,890 sqft","Sep 13, 2013","$400,000",37.774437,-121.541916,CA,Single-Family Home,400000,"$441,000",95391,,,,Sold,SAN JOAQUIN
233,585 Bethell Ct,2.5,4.0,Mountain House,"2,088 sqft","Sep 13, 2013","$395,000",37.775494,-121.53531,CA,Single-Family Home,395000,"$413,000",95391,,,,Sold,SAN JOAQUIN
234,441 W Cupertino Ave,3.0,4.0,Mountain House,"2,655 sqft","Sep 13, 2013","$469,000",37.78553,-121.55064,CA,Single-Family Home,469000,"$485,000",95391,,,,Sold,SAN JOAQUIN
235,210 W Moraga St,,,Mountain House,,"Sep 12, 2013","$377,000",37.78394,-121.54553,CA,Single-Family Home,377000,,95391,,,,Sold,SAN JOAQUIN
236,738 N San Marcos Dr,,,Mountain House,,"Sep 12, 2013","$505,000",37.79135,-121.552574,CA,Single-Family Home,505000,,95391,,,,Sold,SAN JOAQUIN
237,246 W Santa Cruz Way,3.0,3.0,Mountain House,"1,753 sqft","Sep 12, 2013","$365,000",37.78306,-121.54623,CA,Single-Family Home,365000,"$413,000",95391,,,,Sold,SAN JOAQUIN
238,649 N Santa Inez Dr,,,Mountain House,,"Sep 12, 2013","$392,000",37.787746,-121.55035,CA,Unknown,392000,,95391,,,,Sold,SAN JOAQUIN
239,750 N San Marcos Dr,,,Mountain House,,"Sep 11, 2013","$445,000",37.791492,-121.55238,CA,Unknown,445000,,95391,,,,Sold,SAN JOAQUIN
240,411 W Moraga St,2.5,3.0,Mountain House,"2,308 sqft","Sep 11, 2013","$412,000",37.784313,-121.54983,CA,Single-Family Home,412000,"$465,000",95391,,,,Sold,SAN JOAQUIN
241,222 W Moraga St,,,Mountain House,,"Sep 11, 2013","$358,500",37.783936,-121.54577,CA,Single-Family Home,358500,,95391,,,,Sold,SAN JOAQUIN
242,273 W Moraga St,,,Mountain House,,"Sep 10, 2013","$448,000",37.784306,-121.546936,CA,Unknown,448000,,95391,,,,Sold,SAN JOAQUIN
243,641 N Santa Inez Dr,,,Mountain House,,"Sep 10, 2013","$399,500",37.78767,-121.55042,CA,Single-Family Home,399500,,95391,,,,Sold,SAN JOAQUIN
244,35 S Fermina Dr,2.5,3.0,Mountain House,"1,460 sqft","Sep 9, 2013","$240,000",37.779705,-121.54712,CA,Condo,240000,"$254,000",95391,,,,Sold,SAN JOAQUIN
245,764 N San Marcos Dr,,,Mountain House,,"Sep 5, 2013","$424,000",37.79167,-121.55214,CA,Unknown,424000,,95391,,,,Sold,SAN JOAQUIN
246,756 N San Marcos Dr,,,Mountain House,,"Sep 4, 2013","$416,000",37.79158,-121.55226,CA,Unknown,416000,,95391,,,,Sold,SAN JOAQUIN
247,216 W Moraga St,,,Mountain House,,"Sep 4, 2013","$378,500",37.78394,-121.54565,CA,Lot/Land,378500,,95391,,,,Sold,SAN JOAQUIN
248,707 W Questa Trl,,,Mountain House,,"Aug 30, 2013","$523,500",37.792377,-121.55108,CA,Unknown,523500,,95391,,,,Sold,SAN JOAQUIN
249,724 Shelli St,2.5,4.0,Mountain House,"2,624 sqft","Aug 30, 2013","$470,000",37.76929,-121.537636,CA,Single-Family Home,470000,"$496,000",95391,,,,Sold,SAN JOAQUIN
250,401 N Sierra Madre St,3.0,4.0,Mountain House,"3,142 sqft","Aug 30, 2013","$515,000",37.784477,-121.55408,CA,Single-Family Home,515000,"$548,000",95391,,,,Sold,SAN JOAQUIN
251,430 N Alta Dena St,2.5,4.0,Mountain House,"2,781 sqft","Aug 30, 2013","$500,000",37.78454,-121.55248,CA,Single-Family Home,500000,"$557,000",95391,,,,Sold,SAN JOAQUIN
252,316 W Questa Trl,,,Mountain House,,"Aug 30, 2013","$434,500",37.789295,-121.5459,CA,Single-Family Home,434500,,95391,,,,Sold,SAN JOAQUIN
253,304 W Abbey Ln,,,Mountain House,,"Aug 30, 2013","$406,500",37.789013,-121.54563,CA,Lot/Land,406500,,95391,,,,Sold,SAN JOAQUIN
254,762 N Museo Dr,,,Mountain House,,"Aug 30, 2013","$385,000",37.788807,-121.54522,CA,Multi-Family,385000,,95391,,,,Sold,SAN JOAQUIN
255,442 N Ventura St,,,Mountain House,,"Aug 30, 2013","$449,000",37.784718,-121.54747,CA,Single-Family Home,449000,,95391,,,,Sold,SAN JOAQUIN
256,727 N Pergola Ct,,,Mountain House,,"Aug 30, 2013","$610,000",37.792538,-121.55409,CA,Single-Family Home,610000,,95391,,,,Sold,SAN JOAQUIN
257,332 W Questa Trl,,,Mountain House,,"Aug 30, 2013","$431,500",37.789307,-121.54638,CA,Unknown,431500,,95391,,,,Sold,SAN JOAQUIN
258,28 S Tranquilidad Ct,2.5,4.0,Mountain House,"1,986 sqft","Aug 29, 2013","$370,000",37.778896,-121.54873,CA,Single-Family Home,370000,"$418,000",95391,,,,Sold,SAN JOAQUIN
259,238 W Gallo Way,2.5,3.0,Mountain House,"1,893 sqft","Aug 29, 2013","$395,000",37.77524,-121.547134,CA,Single-Family Home,395000,"$426,000",95391,,,,Sold,SAN JOAQUIN
260,703 N Marquis Way,,,Mountain House,,"Aug 28, 2013","$529,000",37.787876,-121.54804,CA,Single-Family Home,529000,,95391,,,,Sold,SAN JOAQUIN
261,120 W Del Prado Ct,3.0,4.0,Mountain House,"2,174 sqft","Aug 28, 2013","$425,000",37.78601,-121.54283,CA,Single-Family Home,425000,"$467,000",95391,,,,Sold,SAN JOAQUIN
262,251 S Vista Hermosa St,3.0,4.0,Mountain House,"3,219 sqft","Aug 28, 2013","$425,000",37.77586,-121.552505,CA,Single-Family Home,425000,"$541,000",95391,,,,Sold,SAN JOAQUIN
263,305 E Legacy Dr,2.5,4.0,Mountain House,"2,537 sqft","Aug 28, 2013","$450,000",37.773132,-121.5405,CA,Single-Family Home,450000,"$468,000",95391,,,,Sold,SAN JOAQUIN
264,679 N Marquis Way,,,Mountain House,,"Aug 27, 2013","$501,500",37.78772,-121.54806,CA,Single-Family Home,501500,,95391,,,,Sold,SAN JOAQUIN
265,485 N Orinda Ct,2.5,3.0,Mountain House,"1,730 sqft","Aug 27, 2013","$359,000",37.785465,-121.54697,CA,Single-Family Home,359000,"$404,000",95391,,,,Sold,SAN JOAQUIN
266,411 W Miramonte Dr,3.0,4.0,Mountain House,"2,111 sqft","Aug 26, 2013","$440,000",37.79151,-121.54607,CA,Single-Family Home,440000,"$497,000",95391,,,,Sold,SAN JOAQUIN
267,744 S Vecindad St,4.0,5.0,Mountain House,"2,968 sqft","Aug 23, 2013","$478,000",37.769833,-121.55164,CA,Single-Family Home,478000,"$541,000",95391,,,,Sold,SAN JOAQUIN
268,709 N Pergola Ct,,,Mountain House,,"Aug 23, 2013","$569,500",37.792374,-121.55434,CA,Single-Family Home,569500,,95391,,,,Sold,SAN JOAQUIN
269,285 W Gallo Way,2.5,4.0,Mountain House,"2,109 sqft","Aug 23, 2013","$385,000",37.77587,-121.54727,CA,Single-Family Home,385000,"$458,000",95391,,,,Sold,SAN JOAQUIN
270,177 W Questa Trl,,,Mountain House,,"Aug 23, 2013","$498,500",37.788883,-121.54351,CA,Unknown,498500,,95391,,,,Sold,SAN JOAQUIN
271,663 N Marquis Way,,,Mountain House,,"Aug 22, 2013","$501,500",37.787567,-121.548065,CA,Unknown,501500,,95391,,,,Sold,SAN JOAQUIN
272,459 W Las Brisas Dr,3.0,5.0,Mountain House,"2,448 sqft","Aug 22, 2013","$407,500",37.776306,-121.54982,CA,Single-Family Home,407500,"$455,000",95391,,,,Sold,SAN JOAQUIN
273,733 W Questa Trl,,,Mountain House,,"Aug 22, 2013","$541,000",37.792664,-121.55122,CA,Single-Family Home,541000,,95391,,,,Sold,SAN JOAQUIN
274,551 W Questa Trl,,,Mountain House,,"Aug 21, 2013","$465,000",37.790634,-121.54996,CA,Single-Family Home,465000,,95391,,,,Sold,SAN JOAQUIN
275,559 W Questa Trl,,,Mountain House,,"Aug 21, 2013","$514,500",37.790733,-121.55009,CA,Single-Family Home,514500,,95391,,,,Sold,SAN JOAQUIN
276,186 S Tranquilidad St,2.5,3.0,Mountain House,"1,813 sqft","Aug 21, 2013","$385,000",37.778053,-121.547844,CA,Single-Family Home,385000,"$400,000",95391,,,,Sold,SAN JOAQUIN
277,248 W Erics Way,,,Mountain House,,"Aug 21, 2013","$366,500",37.78361,-121.54624,CA,Single-Family Home,366500,,95391,,,,Sold,SAN JOAQUIN
278,348 Goodwin St,3.0,5.0,Mountain House,"2,451 sqft","Aug 21, 2013","$112,000",37.77463,-121.54212,CA,Single-Family Home,112000,"$461,000",95391,,,,Sold,SAN JOAQUIN
279,712 N Pergola Ct,,,Mountain House,,"Aug 21, 2013","$569,500",37.79195,-121.55412,CA,Single-Family Home,569500,,95391,,,,Sold,SAN JOAQUIN
280,553 N Ortega Dr,,,Mountain House,,"Aug 20, 2013","$410,000",37.78665,-121.54492,CA,Single-Family Home,410000,,95391,,,,Sold,SAN JOAQUIN
281,774 N Museo Dr,,,Mountain House,,"Aug 20, 2013","$415,000",37.788933,-121.54522,CA,Single-Family Home,415000,,95391,,,,Sold,SAN JOAQUIN
282,507 Freeman Way,3.0,5.0,Mountain House,"2,641 sqft","Aug 20, 2013","$365,000",37.769142,-121.53678,CA,Single-Family Home,365000,"$468,000",95391,,,,Sold,SAN JOAQUIN
283,558 W Bonaventure Ave,,,Mountain House,,"Aug 20, 2013","$470,000",37.79092,-121.54983,CA,Unknown,470000,,95391,,,,Sold,SAN JOAQUIN
284,499 W Viento St,2.5,4.0,Mountain House,"2,136 sqft","Aug 19, 2013","$410,000",37.77734,-121.551346,CA,Single-Family Home,410000,"$470,000",95391,,,,Sold,SAN JOAQUIN
285,545 W Esplanade Dr,,,Mountain House,,"Aug 16, 2013","$451,500",37.79232,-121.549,CA,Multi-Family,451500,,95391,,,,Sold,SAN JOAQUIN
286,428 N Ventura St,,,Mountain House,,"Aug 16, 2013","$386,500",37.784615,-121.54721,CA,Single-Family Home,386500,,95391,,,,Sold,SAN JOAQUIN
287,611 N Ortega Dr,,,Mountain House,,"Aug 16, 2013","$415,000",37.787178,-121.54493,CA,Single-Family Home,415000,,95391,,,,Sold,SAN JOAQUIN
288,629 N Ortega Dr,,,Mountain House,,"Aug 16, 2013","$374,000",37.787308,-121.54493,CA,Unknown,374000,,95391,,,,Sold,SAN JOAQUIN
289,698 W Cancion Ave,3.0,4.0,Mountain House,"2,783 sqft","Aug 15, 2013","$478,000",37.777588,-121.55586,CA,Single-Family Home,478000,"$530,000",95391,,,,Sold,SAN JOAQUIN
290,506 W Viento St,3.0,4.0,Mountain House,"3,219 sqft","Aug 15, 2013","$509,000",37.776867,-121.55193,CA,Single-Family Home,509000,"$558,000",95391,,,,Sold,SAN JOAQUIN
291,242 W Erics Way,,,Mountain House,,"Aug 14, 2013","$341,000",37.78361,-121.546104,CA,Unknown,341000,,95391,,,,Sold,SAN JOAQUIN
292,336 W Questa Trl,,,Mountain House,,"Aug 14, 2013","$425,500",37.78931,-121.5465,CA,Single-Family Home,425500,,95391,,,,Sold,SAN JOAQUIN
293,660 W Sombra Way,4.0,4.0,Mountain House,"3,389 sqft","Aug 14, 2013","$480,000",37.774693,-121.55528,CA,Single-Family Home,480000,"$551,000",95391,,,,Sold,SAN JOAQUIN
294,109 W Ameno Ln,2.5,3.0,Mountain House,"1,671 sqft","Aug 13, 2013","$340,000",37.77181,-121.54778,CA,Single-Family Home,340000,"$410,000",95391,,,,Sold,SAN JOAQUIN
295,546 W Bonaventure Ave,,,Mountain House,,"Aug 13, 2013","$486,000",37.790817,-121.549706,CA,Single-Family Home,486000,,95391,,,,Sold,SAN JOAQUIN
296,272 W Adoncia Dr,2.5,3.0,Mountain House,"1,454 sqft","Aug 13, 2013","$160,000",37.778667,-121.54682,CA,Condo,160000,"$272,000",95391,,,,Sold,SAN JOAQUIN
297,844 N Melita Ct,3.5,4.0,Mountain House,"3,570 sqft","Aug 13, 2013","$562,000",37.793423,-121.55184,CA,Single-Family Home,562000,"$637,000",95391,,,,Sold,SAN JOAQUIN
298,422 N Ventura St,,,Mountain House,,"Aug 9, 2013","$398,500",37.78447,-121.54721,CA,Unknown,398500,,95391,,,,Sold,SAN JOAQUIN
299,266 Ashlee Ave,3.5,4.0,Mountain House,"3,160 sqft","Aug 9, 2013","$545,000",37.767036,-121.54143,CA,Single-Family Home,545000,"$568,000",95391,,,,Sold,SAN JOAQUIN
300,446 N Albany St,3.0,5.0,Mountain House,"2,814 sqft","Aug 8, 2013","$480,000",37.784767,-121.550514,CA,Single-Family Home,480000,"$511,000",95391,,,,Sold,SAN JOAQUIN
301,621 W Esplanade Dr,,,Mountain House,,"Aug 8, 2013","$425,000",37.79111,-121.55195,CA,Single-Family Home,425000,,95391,,,,Sold,SAN JOAQUIN
302,625 W Esplanade Dr,,,Mountain House,,"Aug 8, 2013","$420,500",37.79103,-121.552055,CA,Single-Family Home,420500,,95391,,,,Sold,SAN JOAQUIN
303,236 W Erics Way,,,Mountain House,,"Aug 7, 2013","$329,500",37.78361,-121.54598,CA,Single-Family Home,329500,,95391,,,,Sold,SAN JOAQUIN
304,379 W Las Brisas Dr,2.0,3.0,Mountain House,"1,367 sqft","Aug 6, 2013","$332,000",37.77712,-121.54825,CA,Single-Family Home,332000,"$378,000",95391,,,,Sold,SAN JOAQUIN
305,102 Bryant Ave,3.0,5.0,Mountain House,"3,497 sqft","Aug 6, 2013","$550,000",37.767315,-121.54431,CA,Single-Family Home,550000,"$566,000",95391,,,,Sold,SAN JOAQUIN
306,744 N San Marcos Dr,,,Mountain House,,"Aug 6, 2013","$401,000",37.791416,-121.5525,CA,Single-Family Home,401000,,95391,,,,Sold,SAN JOAQUIN
307,238 N Lafayette St,2.5,3.0,Mountain House,"2,220 sqft","Aug 6, 2013","$425,000",37.781902,-121.54489,CA,Single-Family Home,425000,"$464,000",95391,,,,Sold,SAN JOAQUIN
308,156 W Santa Clara Dr,,,Mountain House,,"Aug 5, 2013","$418,500",37.78641,-121.544174,CA,Unknown,418500,,95391,,,,Sold,SAN JOAQUIN
309,418 N Ventura St,,,Mountain House,,"Aug 2, 2013","$408,500",37.784508,-121.54747,CA,Single-Family Home,408500,,95391,,,,Sold,SAN JOAQUIN
310,428 Daniel Ave,2.5,4.0,Mountain House,"2,384 sqft","Aug 2, 2013","$435,000",37.77338,-121.53814,CA,Single-Family Home,435000,"$462,000",95391,,,,Sold,SAN JOAQUIN
311,187 W Questa Trl,,,Mountain House,,"Jul 31, 2013","$493,500",37.789085,-121.54382,CA,Single-Family Home,493500,,95391,,,,Sold,SAN JOAQUIN
312,493 W Conejo Ave,3.5,4.0,Mountain House,"3,183 sqft","Jul 31, 2013","$370,000",37.76971,-121.55307,CA,Single-Family Home,370000,"$541,000",95391,,,,Sold,SAN JOAQUIN
313,320 W Questa Trl,,,Mountain House,,"Jul 31, 2013","$414,500",37.7893,-121.54601,CA,Single-Family Home,414500,,95391,,,,Sold,SAN JOAQUIN
314,531 W Esplanade Dr,,,Mountain House,,"Jul 30, 2013","$557,500",37.79248,-121.54865,CA,Single-Family Home,557500,,95391,,,,Sold,SAN JOAQUIN
315,325 W Alcala Ave,,,Mountain House,,"Jul 29, 2013","$505,500",37.790596,-121.54459,CA,Single-Family Home,505500,,95391,,,,Sold,SAN JOAQUIN
316,181 W Questa Trl,,,Mountain House,,"Jul 26, 2013","$501,500",37.788982,-121.54369,CA,Single-Family Home,501500,,95391,,,,Sold,SAN JOAQUIN
317,297 W Moraga St,,,Mountain House,,"Jul 26, 2013","$409,000",37.784306,-121.54745,CA,Single-Family Home,409000,,95391,,,,Sold,SAN JOAQUIN
318,348 W Santa Clara Dr,,,Mountain House,,"Jul 26, 2013","$361,500",37.78633,-121.54745,CA,Single-Family Home,361500,,95391,,,,Sold,SAN JOAQUIN
319,302 W Questa Trl,,,Mountain House,,"Jul 26, 2013","$401,500",37.789288,-121.54564,CA,Single-Family Home,401500,,95391,,,,Sold,SAN JOAQUIN
320,537 W Esplanade Dr,,,Mountain House,,"Jul 25, 2013","$440,500",37.792397,-121.548836,CA,Multi-Family,440500,,95391,,,,Sold,SAN JOAQUIN
321,567 N Ortega Dr,3.0,4.0,Mountain House,"2,420 sqft","Jul 25, 2013","$520,000",37.786793,-121.54492,CA,Single-Family Home,520000,"$543,000",95391,,,,Sold,SAN JOAQUIN
322,160 W Santa Clara Dr,,,Mountain House,,"Jul 25, 2013","$390,000",37.786407,-121.544205,CA,Single-Family Home,390000,,95391,,,,Sold,SAN JOAQUIN
323,164 W Santa Clara Dr,,,Mountain House,,"Jul 25, 2013","$382,500",37.786407,-121.54424,CA,Multi-Family,382500,,95391,,,,Sold,SAN JOAQUIN
324,645 N Marquis Way,,,Mountain House,,"Jul 25, 2013","$538,000",37.78742,-121.548065,CA,Multi-Family,538000,,95391,,,,Sold,SAN JOAQUIN
325,555 W Montecito Ct,2.5,4.0,Mountain House,"2,781 sqft","Jul 25, 2013","$480,000",37.78551,-121.55235,CA,Single-Family Home,480000,"$562,000",95391,,,,Sold,SAN JOAQUIN
326,239 W Santa Cruz Way,,,Mountain House,,"Jul 24, 2013","$354,500",37.78338,-121.5461,CA,Unknown,354500,,95391,,,,Sold,SAN JOAQUIN
327,324 W Questa Trl,,,Mountain House,,"Jul 24, 2013","$433,500",37.789303,-121.546135,CA,Lot/Land,433500,,95391,,,,Sold,SAN JOAQUIN
328,301 W Alcala Ave,,,Mountain House,,"Jul 23, 2013","$482,500",37.790405,-121.5443,CA,Single-Family Home,482500,,95391,,,,Sold,SAN JOAQUIN
329,549 W Esplanade Dr,,,Mountain House,,"Jul 23, 2013","$442,500",37.792248,-121.549164,CA,Multi-Family,442500,,95391,,,,Sold,SAN JOAQUIN
330,611 N Marquis Way,,,Mountain House,,"Jul 19, 2013","$539,500",37.787117,-121.54806,CA,Single-Family Home,539500,,95391,,,,Sold,SAN JOAQUIN
331,313 W Alcala Ave,,,Mountain House,,"Jul 19, 2013","$422,500",37.790497,-121.54444,CA,Unknown,422500,,95391,,,,Sold,SAN JOAQUIN
332,285 W Moraga St,,,Mountain House,,"Jul 19, 2013","$395,500",37.7843,-121.547195,CA,Single-Family Home,395500,,95391,,,,Sold,SAN JOAQUIN
333,623 N Marquis Way,,,Mountain House,,"Jul 19, 2013","$484,000",37.787266,-121.548065,CA,Single-Family Home,484000,,95391,,,,Sold,SAN JOAQUIN
334,62 S Rio Rapido Dr,2.5,3.0,Mountain House,"1,454 sqft","Jul 19, 2013","$161,000",37.779274,-121.54576,CA,Condo,161000,"$245,000",95391,,,,Sold,SAN JOAQUIN
335,437 N San Anselmo St,3.0,4.0,Mountain House,"2,413 sqft","Jul 19, 2013","$439,000",37.78466,-121.54892,CA,Single-Family Home,439000,"$520,000",95391,,,,Sold,SAN JOAQUIN
336,490 W Conejo Ave,4.0,5.0,Mountain House,"3,775 sqft","Jul 18, 2013","$560,000",37.7692,-121.553246,CA,Single-Family Home,560000,"$588,000",95391,,,,Sold,SAN JOAQUIN
337,148 W Casita Ln,2.5,3.0,Mountain House,"1,671 sqft","Jul 18, 2013","$350,000",37.772663,-121.54769,CA,Single-Family Home,350000,"$399,000",95391,,,,Sold,SAN JOAQUIN
338,283 Ashlee Ave,2.5,4.0,Mountain House,"3,160 sqft","Jul 18, 2013","$545,000",37.767483,-121.5411,CA,Single-Family Home,545000,"$559,000",95391,,,,Sold,SAN JOAQUIN
339,53 Patterson Ave,3.0,4.0,Mountain House,"2,714 sqft","Jul 18, 2013","$480,000",37.772438,-121.54483,CA,Single-Family Home,480000,"$508,000",95391,,,,Sold,SAN JOAQUIN
340,601 Antigua Ter,,,Mountain House,,"Jul 18, 2013","$498,500",37.79281,-121.5482,CA,Single-Family Home,498500,,95391,,,,Sold,SAN JOAQUIN
341,74 W Atento Ln,2.5,4.0,Mountain House,"2,136 sqft","Jul 18, 2013","$330,000",37.774826,-121.545494,CA,Single-Family Home,330000,"$422,000",95391,,,,Sold,SAN JOAQUIN
342,20 N Boyle Heights Ct,3.0,4.0,Mountain House,"2,818 sqft","Jul 18, 2013","$514,000",37.778885,-121.550644,CA,Single-Family Home,514000,"$526,000",95391,,,,Sold,SAN JOAQUIN
343,152 W Santa Clara Dr,,,Mountain House,,"Jul 17, 2013","$380,500",37.78641,-121.544136,CA,Multi-Family,380500,,95391,,,,Sold,SAN JOAQUIN
344,233 W Santa Cruz Way,,,Mountain House,,"Jul 17, 2013","$324,500",37.78338,-121.545975,CA,Single-Family Home,324500,,95391,,,,Sold,SAN JOAQUIN
345,623 Antigua Ter,,,Mountain House,,"Jul 16, 2013","$487,000",37.792965,-121.548454,CA,Unknown,487000,,95391,,,,Sold,SAN JOAQUIN
346,52 S Curioso St,3.0,3.0,Mountain House,"1,800 sqft","Jul 16, 2013","$84,000",37.77877,-121.54398,CA,Condo,84000,"$292,000",95391,,,,Sold,SAN JOAQUIN
347,466 W Viento St,2.5,4.0,Mountain House,"2,136 sqft","Jul 15, 2013","$420,000",37.77708,-121.55039,CA,Single-Family Home,420000,"$471,000",95391,,,,Sold,SAN JOAQUIN
348,333 W Alcala Ave,,,Mountain House,,"Jul 12, 2013","$479,000",37.790684,-121.54475,CA,Single-Family Home,479000,,95391,,,,Sold,SAN JOAQUIN
349,74 Mcdermott Ave,3.0,4.0,Mountain House,"2,451 sqft","Jul 12, 2013","$430,000",37.77439,-121.54356,CA,Single-Family Home,430000,"$480,000",95391,,,,Sold,SAN JOAQUIN
350,277 W Adoncia Dr,2.5,3.0,Mountain House,"1,452 sqft","Jul 12, 2013","$165,000",37.778805,-121.547,CA,Condo,165000,"$276,000",95391,,,,Sold,SAN JOAQUIN
351,261 W Moraga St,,,Mountain House,,"Jul 11, 2013","$469,500",37.784306,-121.54668,CA,Single-Family Home,469500,,95391,,,,Sold,SAN JOAQUIN
352,346 W Santa Clara Dr,,,Mountain House,,"Jul 11, 2013","$381,500",37.78615,-121.547485,CA,Multi-Family,381500,,95391,,,,Sold,SAN JOAQUIN
353,310 W Santa Clara Dr,,,Mountain House,,"Jul 10, 2013","$377,000",37.78614,-121.546585,CA,Single-Family Home,377000,,95391,,,,Sold,SAN JOAQUIN
354,637 Antigua Ter,,,Mountain House,,"Jul 10, 2013","$442,000",37.793064,-121.5486,CA,Single-Family Home,442000,,95391,,,,Sold,SAN JOAQUIN
355,339 Goodall Dr,2.5,4.0,Mountain House,"2,384 sqft","Jul 9, 2013","$443,000",37.774906,-121.53745,CA,Single-Family Home,443000,"$429,000",95391,,,,Sold,SAN JOAQUIN
356,442 Goodwin St,2.5,4.0,Mountain House,"1,969 sqft","Jul 9, 2013","$380,000",37.773705,-121.54256,CA,Single-Family Home,380000,"$415,000",95391,,,,Sold,SAN JOAQUIN
357,228 W Santa Cruz Way,2.5,3.0,Mountain House,"1,669 sqft","Jul 9, 2013","$316,000",37.783062,-121.545845,CA,Single-Family Home,316000,"$384,000",95391,,,,Sold,SAN JOAQUIN
358,617 N Santa Inez Dr,,,Mountain House,,"Jul 9, 2013","$413,000",37.787395,-121.55064,CA,Multi-Family,413000,,95391,,,,Sold,SAN JOAQUIN
359,581 N Ortega Dr,2.5,3.0,Mountain House,"2,147 sqft","Jul 5, 2013","$485,000",37.786922,-121.54492,CA,Single-Family Home,485000,"$522,000",95391,,,,Sold,SAN JOAQUIN
360,659 W Refinado Way,3.0,5.0,Mountain House,"3,092 sqft","Jul 5, 2013","$300,000",37.77376,-121.5548,CA,Single-Family Home,300000,"$521,000",95391,,,,Sold,SAN JOAQUIN
361,614 N Montebello St,,,Mountain House,,"Jul 3, 2013","$415,000",37.78769,-121.5512,CA,Unknown,415000,,95391,,,,Sold,SAN JOAQUIN
362,295 N Orinda St,,,Mountain House,,"Jul 3, 2013","$381,000",37.7832,-121.54664,CA,Lot/Land,381000,,95391,,,,Sold,SAN JOAQUIN
363,638 N Montebello St,,,Mountain House,,"Jul 2, 2013","$401,000",37.787933,-121.55102,CA,Unknown,401000,,95391,,,,Sold,SAN JOAQUIN
364,709 Joseph St,3.0,4.0,Mountain House,"3,500 sqft","Jul 2, 2013","$350,000",37.769527,-121.54158,CA,Single-Family Home,350000,"$575,000",95391,,,,Sold,SAN JOAQUIN
365,591 N Marquis Way,,,Mountain House,,"Jul 1, 2013","$527,181",37.786964,-121.54806,CA,Single-Family Home,527181,,95391,,,,Sold,SAN JOAQUIN
366,575 N Marquis Way,,,Mountain House,,"Jul 1, 2013","$497,500",37.786816,-121.54806,CA,Single-Family Home,497500,,95391,,,,Sold,SAN JOAQUIN
367,334 W Santa Clara Dr,3.0,4.0,Mountain House,"2,160 sqft","Jul 1, 2013","$420,000",37.78634,-121.54717,CA,Single-Family Home,420000,"$444,000",95391,,,,Sold,SAN JOAQUIN
368,419 N Orinda Ct,,,Mountain House,,"Jun 28, 2013","$383,500",37.784515,-121.54668,CA,Single-Family Home,383500,,95391,,,,Sold,SAN JOAQUIN
369,20 S Hildago St,2.5,3.0,Mountain House,"1,460 sqft","Jun 28, 2013","$144,000",37.779896,-121.54616,CA,Condo,144000,"$245,000",95391,,,,Sold,SAN JOAQUIN
370,338 W Santa Clara Dr,3.0,3.0,Mountain House,"2,207 sqft","Jun 28, 2013","$443,000",37.786144,-121.54711,CA,Single-Family Home,443000,"$460,000",95391,,,,Sold,SAN JOAQUIN
371,625 N Santa Inez Dr,,,Mountain House,,"Jun 28, 2013","$414,000",37.787483,-121.55058,CA,Single-Family Home,414000,,95391,,,,Sold,SAN JOAQUIN
372,438 N Lafayette Ct,2.0,3.0,Mountain House,"1,655 sqft","Jun 28, 2013","$363,000",37.78473,-121.544975,CA,Single-Family Home,363000,"$416,000",95391,,,,Sold,SAN JOAQUIN
373,374 W Camarada Ct,3.0,4.0,Mountain House,"2,644 sqft","Jun 28, 2013","$455,000",37.768085,-121.55197,CA,Single-Family Home,455000,"$466,000",95391,,,,Sold,SAN JOAQUIN
374,470 N Montebello St,2.5,4.0,Mountain House,"2,521 sqft","Jun 28, 2013","$427,000",37.78504,-121.551506,CA,Single-Family Home,427000,"$468,000",95391,,,,Sold,SAN JOAQUIN
375,322 W Santa Clara Dr,,,Mountain House,,"Jun 28, 2013","$361,000",37.78634,-121.546906,CA,Multi-Family,361000,,95391,,,,Sold,SAN JOAQUIN
376,318 W Santa Clara Dr,,,Mountain House,,"Jun 28, 2013","$375,000",37.786144,-121.54696,CA,Multi-Family,375000,,95391,,,,Sold,SAN JOAQUIN
377,314 W Santa Clara Dr,,,Mountain House,,"Jun 28, 2013","$407,500",37.786144,-121.54677,CA,Multi-Family,407500,,95391,,,,Sold,SAN JOAQUIN
378,306 W Santa Clara Dr,,,Mountain House,,"Jun 28, 2013","$355,000",37.78634,-121.546646,CA,Single-Family Home,355000,,95391,,,,Sold,SAN JOAQUIN
379,633 N Santa Inez Dr,,,Mountain House,,"Jun 27, 2013","$407,500",37.787594,-121.5505,CA,Single-Family Home,407500,,95391,,,,Sold,SAN JOAQUIN
380,692 W Refinado Way,3.0,5.0,Mountain House,"3,083 sqft","Jun 27, 2013","$495,000",37.773285,-121.55572,CA,Single-Family Home,495000,"$502,000",95391,,,,Sold,SAN JOAQUIN
381,289 N Orinda St,,,Mountain House,,"Jun 26, 2013","$314,500",37.783092,-121.54663,CA,Unknown,314500,,95391,,,,Sold,SAN JOAQUIN
382,491 N Orinda Ct,2.5,4.0,Mountain House,"2,034 sqft","Jun 25, 2013","$355,000",37.78562,-121.54697,CA,Single-Family Home,355000,"$429,000",95391,,,,Sold,SAN JOAQUIN
383,333 W Santa Clara Dr,,,Mountain House,,"Jun 25, 2013","$379,000",37.78665,-121.54725,CA,Unknown,379000,,95391,,,,Sold,SAN JOAQUIN
384,463 W Esplanade Dr,,,Mountain House,,"Jun 25, 2013","$492,000",37.7921,-121.54707,CA,Single-Family Home,492000,,95391,,,,Sold,SAN JOAQUIN
