id,address,bathroom,bedroom,city,formattedSqft,lastSaleDate,lastSalePrice,latitude,longitude,stateCode,typeDisplay,price,formattedTruliaEstimate,zipCode,neighborhood,walkScore,transitScore,status,county
1,421 Goodman Rd,2.0,3.0,Pacifica,"1,620 sqft","Dec 31, 1969",$0,37.632866,-122.48554,CA,Single-Family Home,800000,,94044,,69,,For Sale,SAN MATEO
2,232 Outlook Heights Ct,3.0,4.0,Pacifica,"2,520 sqft","Dec 31, 1969",$0,37.63349,-122.47334,CA,Single-Family Home,899000,,94044,,23,,For Sale,SAN MATEO
3,712 Cindy Way,2.0,3.0,Pacifica,"1,600 sqft","Dec 31, 1969",$0,37.621136,-122.48282,CA,Single-Family Home,749000,,94044,,32,,For Sale,SAN MATEO
4,951 Fassler Ave,3.0,2.0,Pacifica,"1,300 sqft","Dec 31, 1969",$0,37.600056,-122.48522,CA,Townhome,579000,,94044,,23,,For Sale,SAN MATEO
5,951 Fassler Ave,2.5,2.0,Pacifica,"1,300 sqft","Dec 31, 1969",$0,37.600056,-122.48522,CA,Townhome,579000,,94044,,23,,For Sale,SAN MATEO
6,443 Glasgow Dr,2.0,4.0,Pacifica,"1,220 sqft","Dec 31, 1969",$0,37.64974,-122.475006,CA,Single-Family Home,649000,,94044,,58,,For Sale,SAN MATEO
7,811 Edgemar Ave,2.0,3.0,Pacifica,"1,500 sqft","Dec 31, 1969",$0,37.643913,-122.48557,CA,Single-Family Home,738000,,94044,,57,,For Sale,SAN MATEO
8,219 Sunshine Dr,2.0,4.0,Pacifica,"1,710 sqft","Dec 31, 1969",$0,37.663868,-122.48084,CA,Single-Family Home,699000,,94044,,69,,For Sale,SAN MATEO
9,168 Catalina Ave,2.0,4.0,Pacifica,"1,200 sqft","Dec 31, 1969",$0,37.657196,-122.48352,CA,Single-Family Home,680888,,94044,,54,,For Sale,SAN MATEO
10,147 Angelita Ave,1.0,1.0,Pacifica,900 sqft,"Dec 31, 1969",$0,37.613342,-122.476585,CA,Single-Family Home,599000,,94044,,32,,For Sale,SAN MATEO
11,131 Pacific Ave,3.0,3.0,Pacifica,,"Dec 31, 1969",$0,37.63162,-122.49172,CA,Single-Family Home,399000,,94044,,71,,For Sale,SAN MATEO
12,Rockaway Bch,,,Pacifica,,"Dec 31, 1969",$0,37.605587,-122.49137,CA,Lot/Land,90000,,94044,,35,,For Sale,SAN MATEO
13,230 Winwood Ave,3.0,4.0,Pacifica,"2,150 sqft","Dec 31, 1969",$0,37.654713,-122.48891,CA,Single-Family Home,675000,,94044,,74,,For Sale,SAN MATEO
14,478 Firecrest Ave,2.0,3.0,Pacifica,"1,460 sqft","Dec 31, 1969",$0,37.654526,-122.47456,CA,Single-Family Home,699000,,94044,,60,,For Sale,SAN MATEO
15,Bayview Dr,,,Pacifica,,"Dec 31, 1969",$0,37.604805,-122.489477,CA,Lot/Land,695000,,94044,,,,For Sale,SAN MATEO
16,250 Sterling Ave,4.0,4.0,Pacifica,"3,120 sqft","Dec 31, 1969",$0,37.59388,-122.510796,CA,Single-Family Home,1350000,,94044,,43,,For Sale,SAN MATEO
17,9 Westcliff Ct,2.0,3.0,Pacifica,"1,180 sqft","Dec 31, 1969",$0,37.664143,-122.48362,CA,Single-Family Home,599000,,94044,,58,,For Sale,SAN MATEO
18,01 Rockaway,,,Pacifica,,"Dec 31, 1969",$0,37.605587,-122.49137,CA,Lot/Land,90000,,94044,,35,,For Sale,SAN MATEO
19,1039 Oddstad Blvd,1.5,2.0,Pacifica,"1,130 sqft","Dec 31, 1969",$0,37.591896,-122.465294,CA,Townhome,450000,,94044,,20,,For Sale,SAN MATEO
20,412 Lynbrook Dr,2.0,3.0,Pacifica,"1,310 sqft","Dec 31, 1969",$0,37.656036,-122.47653,CA,Single-Family Home,525000,,94044,,57,,For Sale,SAN MATEO
21,1039 Oddstad Blvd,2.0,2.0,Pacifica,"1,130 sqft","Dec 31, 1969",$0,37.591896,-122.465294,CA,Townhome,450000,,94044,,20,,For Sale,SAN MATEO
22,1015 Yosemite Dr,3.0,4.0,Pacifica,"1,930 sqft","Dec 31, 1969",$0,37.586525,-122.47005,CA,Single-Family Home,649950,,94044,,37,,For Sale,SAN MATEO
23,338 Horizon Way,2.5,4.0,Pacifica,"1,580 sqft","Dec 31, 1969",$0,37.65342,-122.478424,CA,Single-Family Home,699000,,94044,,54,,For Sale,SAN MATEO
24,960 La Mirada Way,2.0,3.0,Pacifica,"1,630 sqft","Dec 31, 1969",$0,37.59479,-122.48999,CA,Single-Family Home,699000,,94044,,48,,For Sale,SAN MATEO
25,1465 Perez Dr,3.0,4.0,Pacifica,"2,850 sqft","Dec 31, 1969",$0,37.579926,-122.48984,CA,Single-Family Home,1075000,,94044,,25,,For Sale,SAN MATEO
26,1215 Terra Nova Blvd,2.0,2.0,Pacifica,960 sqft,"Dec 31, 1969",$0,37.58633,-122.47738,CA,Townhome,459950,,94044,,34,,For Sale,SAN MATEO
27,Rockaway Bch,,,Pacifica,,"Dec 31, 1969",$0,37.6056,-122.491,CA,Lot/Land,90000,,94044,,35,,For Sale,SAN MATEO
28,452 Manor Plz,,,Pacifica,"5,000 sqft","Dec 31, 1969",$0,37.650684,-122.49186,CA,Income/Investment,1250000,,94044,,,,For Sale,SAN MATEO
29,1371 Lerida Way,2.0,2.0,Pacifica,960 sqft,"Dec 31, 1969",$0,37.58922,-122.477325,CA,Apt/Condo/Twnhm,424950,,94044,,34,,For Sale,SAN MATEO
30,732 Edgemar Ave,1.0,3.0,Pacifica,"1,010 sqft","Dec 31, 1969",$0,37.643764,-122.488075,CA,Single-Family Home,650000,,94044,,65,,For Sale,SAN MATEO
31,504 Monterey Rd #G,1.5,2.0,Pacifica,"1,050 sqft","Dec 31, 1969",$0,37.649868,-122.48049,CA,Condo,499000,,94044,,46,,For Sale,SAN MATEO
32,1268 Galvez Dr,2.0,4.0,Pacifica,"1,400 sqft","Dec 31, 1969",$0,37.581482,-122.4903,CA,Single-Family Home,689000,,94044,,26,,For Sale,SAN MATEO
33,504 Monterey Rd #8,2.0,2.0,Pacifica,"1,050 sqft","Dec 31, 1969",$0,37.649868,-122.48049,CA,Apt/Condo/Twnhm,499000,,94044,,46,,For Sale,SAN MATEO
34,2022 Palmetto Ave,,,Pacifica,,"Dec 31, 1969",$0,37.63353,-122.492455,CA,Income/Investment,299000,,94044,,72,,For Sale,SAN MATEO
35,350 Esplanade Ave,,,Pacifica,"8,160 sqft","Dec 31, 1969",$0,37.652317,-122.49286,CA,Multi-Family Home,2580000,,94044,,71,,For Sale,SAN MATEO
36,724 Cape Breton Dr,2.0,3.0,Pacifica,"1,300 sqft","Dec 31, 1969",$0,37.595287,-122.459404,CA,Single-Family Home,709888,,94044,,5,,For Sale,SAN MATEO
37,1183 Encanto Way,1.0,3.0,Pacifica,"1,040 sqft","Dec 31, 1969",$0,37.594234,-122.49966,CA,Single-Family Home,599000,,94044,,,,For Sale,SAN MATEO
38,46 Eastridge Cir,2.0,3.0,Pacifica,"1,320 sqft","Dec 31, 1969",$0,37.665745,-122.4831,CA,Single-Family Home,688000,,94044,,46,,For Sale,SAN MATEO
39,Rockaway Beach Ave,,,Pacifica,,"Dec 31, 1969",$0,37.609544,-122.496535,CA,Lot/Land,758000,,94044,,,,For Sale,SAN MATEO
40,315 Olympian Way,1.0,2.0,Pacifica,"1,080 sqft","Dec 31, 1969",$0,37.593513,-122.51074,CA,Single-Family Home,899000,,94044,,55,,For Sale,SAN MATEO
41,1693 Higgins Way,,,Pacifica,,"Dec 31, 1969",$0,37.582638,-122.49428,CA,Lot/Land,325000,,94044,,35,,For Sale,SAN MATEO
42,Coast Hwy,,,Pacifica,,"Dec 31, 1969",$0,37.62373,-122.4862,CA,Lot/Land,195000,,94044,,43,,For Sale,SAN MATEO
43,1070 Palmetto Ave,2.0,3.0,Pacifica,"1,396 sqft","Dec 31, 1969",$0,37.64313,-122.4935,CA,Single-Family Home,975000,,94044,,69,,For Sale,SAN MATEO
44,268 Stanley Ave,3.0,3.0,Pacifica,"2,842 sqft","Dec 31, 1969",$0,37.594273,-122.51005,CA,Single-Family Home,1099999,,94044,,63,,For Sale,SAN MATEO
45,1026 Park Pacifica Ave,2.0,4.0,Pacifica,"1,580 sqft","Dec 31, 1969",$0,37.584908,-122.473274,CA,Single-Family Home,688888,,94044,,51,,For Sale,SAN MATEO
46,3888 Palmetto Ave,,,Pacifica,,"Dec 31, 1969",$0,37.659527,-122.492355,CA,Lot/Land,4300000,,94044,,40,,For Sale,SAN MATEO
47,Grand Ave,,,Pacifica,,"Dec 31, 1969",$0,37.593127,-122.509086,CA,Lot/Land,349950,,94044,,,,For Sale,SAN MATEO
48,195 Carmel Ave,,,Pacifica,,"Dec 31, 1969",$0,37.636063,-122.49046,CA,Lot/Land,359888,,94044,,75,,For Sale,SAN MATEO
49,Monterey Rd,1.0,2.0,Pacifica,980 sqft,"Dec 31, 1969",$0,37.6511,-122.48352,CA,Single-Family Home,101000,,94044,,66,,For Sale,SAN MATEO
50,Hickey Blvd,2.0,4.0,Pacifica,"1,560 sqft","Dec 31, 1969",$0,37.65893,-122.47863,CA,Single-Family Home,50000,,94044,,62,,For Sale,SAN MATEO
51,Buel Ave,2.0,2.0,Pacifica,"1,390 sqft","Dec 31, 1969",$0,37.60869,-122.49337,CA,Single-Family Home,365500,,94044,,43,,For Sale,SAN MATEO
52,Terra Nova Blvd,1.0,2.0,Pacifica,960 sqft,"Dec 31, 1969",$0,37.589912,-122.47633,CA,Single-Family Home,65500,,94044,,35,,For Sale,SAN MATEO
53,Golden Bay Dr,2.0,3.0,Pacifica,"1,430 sqft","Dec 31, 1969",$0,37.65869,-122.48858,CA,Single-Family Home,548000,,94044,,42,,For Sale,SAN MATEO
54,De Solo Dr,1.0,3.0,Pacifica,"1,040 sqft","Dec 31, 1969",$0,37.595924,-122.49922,CA,Single-Family Home,552000,,94044,,75,,For Sale,SAN MATEO
55,Poplar Ave,2.0,3.0,Pacifica,"1,500 sqft","Dec 31, 1969",$0,37.589367,-122.47772,CA,Single-Family Home,738528,,94044,,38,,For Sale,SAN MATEO
56,Westcliff Ct,2.0,3.0,Pacifica,"1,180 sqft","Dec 31, 1969",$0,37.664192,-122.483894,CA,Single-Family Home,656319,,94044,,46,,For Sale,SAN MATEO
57,Pacific Ave,2.0,3.0,Pacifica,"1,600 sqft","Dec 31, 1969",$0,37.63205,-122.48825,CA,Single-Family Home,717312,,94044,,74,,For Sale,SAN MATEO
58,Lone Mountain Ct,3.0,4.0,Pacifica,"2,210 sqft","Dec 31, 1969",$0,37.653145,-122.474625,CA,Single-Family Home,869103,,94044,,62,,For Sale,SAN MATEO
59,Bally Way,2.0,3.0,Pacifica,"1,790 sqft","Dec 31, 1969",$0,37.653896,-122.48968,CA,Single-Family Home,588700,,94044,,69,,For Sale,SAN MATEO
60,Terra Nova Blvd,2.0,2.0,Pacifica,"1,400 sqft","Dec 31, 1969",$0,37.589188,-122.47684,CA,Single-Family Home,451561,,94044,,49,,For Sale,SAN MATEO
61,Arguello Blvd,1.0,3.0,Pacifica,"1,040 sqft","Dec 31, 1969",$0,37.59392,-122.50003,CA,Single-Family Home,562500,,94044,,72,,For Sale,SAN MATEO
62,View Point Ct,2.0,4.0,Pacifica,"2,520 sqft","Dec 31, 1969",$0,37.638645,-122.46692,CA,Single-Family Home,999040,,94044,,40,,For Sale,SAN MATEO
63,Yosemite Dr,2.0,4.0,Pacifica,"1,930 sqft","Dec 31, 1969",$0,37.58667,-122.4699,CA,Single-Family Home,938250,,94044,,37,,For Sale,SAN MATEO
64,Heathcliff Dr,1.0,3.0,Pacifica,"1,090 sqft","Dec 31, 1969",$0,37.65013,-122.47761,CA,Single-Family Home,592306,,94044,,48,,For Sale,SAN MATEO
65,Shell,1.0,3.0,Pacifica,"1,050 sqft","Dec 31, 1969",$0,37.63887,-122.49282,CA,Single-Family Home,617155,,94044,,68,,For Sale,SAN MATEO
66,El Dorado Dr,2.0,4.0,Pacifica,"1,560 sqft","Dec 31, 1969",$0,37.663486,-122.481865,CA,Single-Family Home,680000,,94044,,51,,For Sale,SAN MATEO
67,Greenway Dr,3.0,3.0,Pacifica,"1,690 sqft","Dec 31, 1969",$0,37.62081,-122.48716,CA,Single-Family Home,834499,,94044,,31,,For Sale,SAN MATEO
68,Beachview Ave #14,2.0,2.0,Pacifica,"1,440 sqft","Dec 31, 1969",$0,37.654247,-122.48206,CA,Single-Family Home,716176,,94044,,55,,For Sale,SAN MATEO
69,Lynbrook Dr,2.0,4.0,Pacifica,"1,610 sqft","Dec 31, 1969",$0,37.654602,-122.4753,CA,Single-Family Home,705388,,94044,,60,,For Sale,SAN MATEO
70,Avalon Dr,1.0,2.0,Pacifica,840 sqft,"Dec 31, 1969",$0,37.646767,-122.486885,CA,Single-Family Home,60000,,94044,,75,,For Sale,SAN MATEO
71,Linda Mar Blvd,2.0,3.0,Pacifica,"1,285 sqft","Dec 31, 1969",$0,37.582848,-122.48398,CA,Single-Family Home,333700,,94044,,51,,For Sale,SAN MATEO
72,Valdez Way,2.0,3.0,Pacifica,"1,170 sqft","Dec 31, 1969",$0,37.57964,-122.48123,CA,Single-Family Home,335000,,94044,,49,,For Sale,SAN MATEO
73,Palmetto Ave,2.0,3.0,Pacifica,"1,240 sqft","Dec 31, 1969",$0,37.65981,-122.48664,CA,Single-Family Home,461487,,94044,,43,,For Sale,SAN MATEO
74,Paradise Dr,2.0,3.0,Pacifica,"1,250 sqft","Dec 31, 1969",$0,37.66041,-122.4891,CA,Single-Family Home,355000,,94044,,40,,For Sale,SAN MATEO
75,Oddstad Blvd,3.0,3.0,Pacifica,"1,830 sqft","Dec 31, 1969",$0,37.59174,-122.464516,CA,Single-Family Home,630000,,94044,,23,,For Sale,SAN MATEO
76,Sea Spray Ct,2.0,4.0,Pacifica,"2,520 sqft","Dec 31, 1969",$0,37.638897,-122.468025,CA,Single-Family Home,855000,,94044,,42,,For Sale,SAN MATEO
77,Prairie Creek Dr,2.0,4.0,Pacifica,"1,360 sqft","Dec 31, 1969",$0,37.588764,-122.45981,CA,Single-Family Home,545000,,94044,,18,,For Sale,SAN MATEO
78,Crespi,1.0,3.0,Pacifica,"1,040 sqft","Dec 31, 1969",$0,37.593987,-122.4969,CA,Single-Family Home,479724,,94044,,71,,For Sale,SAN MATEO
79,Glencourt Way,2.0,3.0,Pacifica,"1,220 sqft","Dec 31, 1969",$0,37.649082,-122.47263,CA,Single-Family Home,557008,,94044,,55,,For Sale,SAN MATEO
80,Pacific Ave,1.0,2.0,Pacifica,880 sqft,"Dec 31, 1969",$0,37.631924,-122.486496,CA,Single-Family Home,540509,,94044,,66,,For Sale,SAN MATEO
81,Edgemar Ave,2.0,3.0,Pacifica,"1,335 sqft","Dec 31, 1969",$0,37.648113,-122.48961,CA,Single-Family Home,515000,,94044,,83,,For Sale,SAN MATEO
82,Sycamore St,1.0,1.0,Pacifica,746 sqft,"Dec 31, 1969",$0,37.646484,-122.472664,CA,Condo,301000,,94044,,48,,For Sale,SAN MATEO
83,Flores Dr,1.0,3.0,Pacifica,"1,040 sqft","Dec 31, 1969",$0,37.589848,-122.500206,CA,Single-Family Home,545600,,94044,,65,,For Sale,SAN MATEO
84,Bancroft Way,1.0,2.0,Pacifica,"1,190 sqft","Dec 31, 1969",$0,37.652462,-122.4889,CA,Single-Family Home,585414,,94044,,75,,For Sale,SAN MATEO
85,Andover Dr,2.0,3.0,Pacifica,"1,180 sqft","Dec 31, 1969",$0,37.656902,-122.47482,CA,Single-Family Home,663585,,94044,,58,,For Sale,SAN MATEO
86,Aspen Dr,2.0,3.0,Pacifica,"1,310 sqft","Dec 31, 1969",$0,37.588207,-122.47505,CA,Single-Family Home,716234,,94044,,49,,For Sale,SAN MATEO
87,Crespi Dr,2.0,3.0,Pacifica,"1,110 sqft","Dec 31, 1969",$0,37.598537,-122.48258,CA,Single-Family Home,648741,,94044,,15,,For Sale,SAN MATEO
88,Sunshine Dr,2.0,4.0,Pacifica,"1,270 sqft","Dec 31, 1969",$0,37.661667,-122.48027,CA,Single-Family Home,645883,,94044,,68,,For Sale,SAN MATEO
89,Monterey Rd,,,Pacifica,,"Dec 31, 1969",$0,37.650146,-122.48037,CA,Unspecified,575000,,94044,,45,,For Sale,SAN MATEO
90,Bancroft Way,,,Pacifica,,"Dec 31, 1969",$0,37.652412,-122.488884,CA,Unspecified,490000,,94044,,66,,For Sale,SAN MATEO
91,Hickey Blvd B,,,Pacifica,,"Dec 31, 1969",$0,37.65568,-122.478874,CA,Unspecified,553955,,94044,,62,,For Sale,SAN MATEO
92,Timberhill Ct,3.0,4.0,Pacifica,"2,210 sqft","Dec 31, 1969",$0,37.6528,-122.47291,CA,Single-Family Home,892500,,94044,,52,,For Sale,SAN MATEO
93,Andover Dr,2.0,4.0,Pacifica,"1,580 sqft","Dec 31, 1969",$0,37.656834,-122.47528,CA,Single-Family Home,690406,,94044,,66,,For Sale,SAN MATEO
94,Imperial Dr,2.0,3.0,Pacifica,"1,220 sqft","Dec 31, 1969",$0,37.65623,-122.47734,CA,Single-Family Home,738897,,94044,,58,,For Sale,SAN MATEO
95,Driftwood Cir,,,Pacifica,,"Dec 31, 1969",$0,37.59918,-122.48723,CA,Unspecified,672000,,94044,,26,,For Sale,SAN MATEO
