id,address,bathroom,bedroom,city,formattedSqft,lastSaleDate,lastSalePrice,latitude,longitude,stateCode,typeDisplay,price,formattedTruliaEstimate,zipCode,neighborhood,walkScore,transitScore,status,county
1,1323 Poplar Ave,3.0,5.0,Pacifica,"1,650 sqft","Feb 20, 2014","$660,000",37.58998,-122.47764,CA,Single-Family Home,660000,"$783,000",94044,,,,Sold,SAN MATEO
2,631 Sharp Park Rd,2.5,3.0,Pacifica,"1,380 sqft","Feb 20, 2014","$603,500",37.63464,-122.47383,CA,Single-Family Home,603500,"$713,000",94044,,,,Sold,SAN MATEO
3,295 Pinehaven Way,2.0,3.0,Pacifica,"1,080 sqft","Feb 18, 2014","$675,000",37.62038,-122.48642,CA,Single-Family Home,675000,"$779,000",94044,,,,Sold,SAN MATEO
4,232 Moana Pl,1.0,2.0,Pacifica,830 sqft,"Feb 14, 2014","$560,000",37.63112,-122.48863,CA,Single-Family Home,560000,"$571,000",94044,,,,Sold,SAN MATEO
5,32 Driftwood Cir,2.0,3.0,Pacifica,"1,720 sqft","Feb 13, 2014","$739,500",37.59987,-122.48638,CA,Single-Family Home,739500,"$1,036,000",94044,,,,Sold,SAN MATEO
6,1179 Grand Teton Dr,2.0,3.0,Pacifica,"1,490 sqft","Feb 12, 2014","$550,000",37.592194,-122.468956,CA,Single-Family Home,550000,"$778,000",94044,,,,Sold,SAN MATEO
7,883 Linda Mar Blvd,1.0,3.0,Pacifica,"1,040 sqft","Feb 11, 2014","$570,000",37.59038,-122.49464,CA,Single-Family Home,570000,"$681,000",94044,,,,Sold,SAN MATEO
8,208 Beaumont Blvd,,,Pacifica,,"Feb 7, 2014","$1,250,000",37.6559,-122.49,CA,Single-Family Home,1250000,"$384,000",94044,,,,Sold,SAN MATEO
9,401 Moana Way,1.0,2.0,Pacifica,750 sqft,"Feb 7, 2014","$570,000",37.631546,-122.48579,CA,Single-Family Home,570000,"$567,000",94044,,,,Sold,SAN MATEO
10,386 Coral Ridge Dr,2.5,4.0,Pacifica,"1,990 sqft","Jan 31, 2014","$720,000",37.656937,-122.487465,CA,Single-Family Home,720000,"$911,000",94044,,,,Sold,SAN MATEO
11,236 Edgewood Dr,2.0,4.0,Pacifica,"1,560 sqft","Jan 31, 2014","$740,000",37.662525,-122.48252,CA,Single-Family Home,740000,"$886,000",94044,,,,Sold,SAN MATEO
12,224 Catalina Ave,2.0,3.0,Pacifica,"1,060 sqft","Jan 31, 2014","$535,000",37.656116,-122.48194,CA,Single-Family Home,535000,"$747,000",94044,,,,Sold,SAN MATEO
13,1287 Alicante Dr,2.0,4.0,Pacifica,"1,080 sqft","Jan 31, 2014","$585,000",37.58369,-122.484566,CA,Single-Family Home,585000,"$687,000",94044,,,,Sold,SAN MATEO
14,1356 Solano Dr,1.0,3.0,Pacifica,"1,040 sqft","Jan 31, 2014","$580,000",37.58461,-122.48958,CA,Single-Family Home,580000,"$674,000",94044,,,,Sold,SAN MATEO
15,1172 Terra Nova Blvd,2.0,2.0,Pacifica,"1,400 sqft","Jan 31, 2014","$419,000",37.586254,-122.476555,CA,Single-Family Home,419000,"$574,000",94044,,,,Sold,SAN MATEO
16,185 Verona Ave,2.0,3.0,Pacifica,"1,160 sqft","Jan 30, 2014","$200,000",37.613674,-122.48097,CA,Single-Family Home,200000,"$684,000",94044,,,,Sold,SAN MATEO
17,732 Edgemar Ave,1.0,3.0,Pacifica,"1,010 sqft","Jan 27, 2014","$500,000",37.643764,-122.488075,CA,Single-Family Home,500000,"$636,000",94044,,,,Sold,SAN MATEO
18,236 Modoc Pl,1.0,3.0,Pacifica,980 sqft,"Jan 24, 2014","$629,000",37.609444,-122.47345,CA,Single-Family Home,629000,"$800,000",94044,,,,Sold,SAN MATEO
19,1121 Manzanita Dr,2.0,3.0,Pacifica,"1,540 sqft","Jan 24, 2014","$691,000",37.587044,-122.48153,CA,Single-Family Home,691000,"$816,000",94044,,,,Sold,SAN MATEO
20,5015 Palmetto Ave #1,2.0,2.0,Pacifica,"1,200 sqft","Jan 24, 2014","$454,000",37.65977,-122.490524,CA,Condo,454000,"$541,000",94044,,,,Sold,SAN MATEO
21,71 Gateway Dr,2.0,3.0,Pacifica,"1,320 sqft","Jan 22, 2014","$631,000",37.66511,-122.483475,CA,Single-Family Home,631000,"$795,000",94044,,,,Sold,SAN MATEO
22,2 Gypsy Hill Rd,,,Pacifica,,"Jan 21, 2014","$945,000",37.62863,-122.48558,CA,Single-Family Home,945000,,94044,,,,Sold,SAN MATEO
23,238 Crestmoor Cir,2.0,4.0,Pacifica,"1,560 sqft","Jan 17, 2014","$750,000",37.65543,-122.48231,CA,Single-Family Home,750000,"$887,000",94044,,,,Sold,SAN MATEO
24,410 Imperial Dr,2.5,4.0,Pacifica,"1,590 sqft","Jan 17, 2014","$725,000",37.655636,-122.47724,CA,Single-Family Home,725000,"$749,000",94044,,,,Sold,SAN MATEO
25,1124 De Solo Dr,1.0,3.0,Pacifica,"1,040 sqft","Jan 15, 2014","$545,000",37.596226,-122.49914,CA,Single-Family Home,545000,"$650,000",94044,,,,Sold,SAN MATEO
26,242 Gateway Dr,1.0,3.0,Pacifica,"1,060 sqft","Jan 15, 2014","$627,000",37.66365,-122.4802,CA,Single-Family Home,627000,"$745,000",94044,,,,Sold,SAN MATEO
27,1103 Oddstad Blvd,1.5,2.0,Pacifica,940 sqft,"Jan 10, 2014","$360,000",37.592216,-122.46478,CA,Single-Family Home,360000,"$556,000",94044,,,,Sold,SAN MATEO
28,26 Spruce Ct,2.0,3.0,Pacifica,"1,500 sqft","Jan 10, 2014","$700,000",37.591923,-122.48208,CA,Single-Family Home,700000,"$804,000",94044,,,,Sold,SAN MATEO
29,248 Catalina Ave,1.0,3.0,Pacifica,"1,060 sqft","Jan 10, 2014","$695,000",37.655624,-122.4814,CA,Single-Family Home,695000,"$720,000",94044,,,,Sold,SAN MATEO
30,684 Montezuma Dr,1.0,3.0,Pacifica,"1,040 sqft","Jan 9, 2014","$596,000",37.59233,-122.500916,CA,Single-Family Home,596000,"$698,000",94044,,,,Sold,SAN MATEO
31,516 Miller Ave,1.0,3.0,Pacifica,"1,110 sqft","Jan 8, 2014","$640,000",37.648834,-122.484634,CA,Single-Family Home,640000,"$690,000",94044,,,,Sold,SAN MATEO
32,451 Heathcliff Dr,2.0,3.0,Pacifica,"1,220 sqft","Jan 6, 2014","$604,000",37.64898,-122.47649,CA,Single-Family Home,604000,"$688,000",94044,,,,Sold,SAN MATEO
33,720 Claridge Dr,2.0,3.0,Pacifica,"1,220 sqft","Jan 3, 2014","$545,000",37.643967,-122.46996,CA,Single-Family Home,545000,"$624,000",94044,,,,Sold,SAN MATEO
34,1344 Terra Nova Blvd,1.5,2.0,Pacifica,900 sqft,"Jan 3, 2014","$425,000",37.58932,-122.47641,CA,Single-Family Home,425000,"$403,000",94044,,,,Sold,SAN MATEO
35,1329 Terra Nova Blvd,2.0,2.0,Pacifica,"1,400 sqft","Dec 31, 2013","$453,000",37.58962,-122.47689,CA,Single-Family Home,453000,"$583,000",94044,,,,Sold,SAN MATEO
36,203 Greenway Dr,2.0,3.0,Pacifica,"1,050 sqft","Dec 30, 2013","$650,000",37.621464,-122.48912,CA,Single-Family Home,650000,"$775,000",94044,,,,Sold,SAN MATEO
37,508 Arguello Blvd,1.0,3.0,Pacifica,"1,040 sqft","Dec 27, 2013","$615,000",37.596085,-122.502914,CA,Single-Family Home,615000,"$695,000",94044,,,,Sold,SAN MATEO
38,2355 Beach Blvd #103,2.0,2.0,Pacifica,958 sqft,"Dec 27, 2013","$455,000",37.630444,-122.49323,CA,Condo,455000,"$475,000",94044,,,,Sold,SAN MATEO
39,366 Horizon Way,3.5,4.0,Pacifica,"2,170 sqft","Dec 27, 2013","$625,000",37.65276,-122.47791,CA,Single-Family Home,625000,"$804,000",94044,,,,Sold,SAN MATEO
40,1012 Granada Dr,2.0,4.0,Pacifica,"1,080 sqft","Dec 24, 2013","$650,000",37.59394,-122.4884,CA,Single-Family Home,650000,"$700,000",94044,,,,Sold,SAN MATEO
41,129 Paloma Ave,1.0,2.0,Pacifica,"1,230 sqft","Dec 24, 2013","$665,000",37.636707,-122.49151,CA,Single-Family Home,665000,"$777,000",94044,,,,Sold,SAN MATEO
42,1315 Crespi Dr,3.0,4.0,Pacifica,"2,660 sqft","Dec 23, 2013","$1,000,000",37.5922,-122.483505,CA,Single-Family Home,1000000,"$1,049,000",94044,,,,Sold,SAN MATEO
43,1064 Valencia Way,2.0,3.0,Pacifica,"1,110 sqft","Dec 18, 2013","$480,000",37.594463,-122.48779,CA,Single-Family Home,480000,"$732,000",94044,,,,Sold,SAN MATEO
44,1050 Park Pacifica Ave,3.0,4.0,Pacifica,"2,150 sqft","Dec 18, 2013","$732,500",37.585476,-122.47239,CA,Single-Family Home,732500,"$891,000",94044,,,,Sold,SAN MATEO
45,628 Canyon Dr,1.0,2.0,Pacifica,920 sqft,"Dec 18, 2013","$502,500",37.63511,-122.48115,CA,Single-Family Home,502500,"$653,000",94044,,,,Sold,SAN MATEO
46,1218 Aspen Dr,2.0,3.0,Pacifica,"1,090 sqft","Dec 13, 2013","$690,000",37.585518,-122.47511,CA,Single-Family Home,690000,"$825,000",94044,,,,Sold,SAN MATEO
47,1112 Oddstad Blvd,2.0,3.0,Pacifica,"1,820 sqft","Dec 12, 2013","$812,500",37.59152,-122.464325,CA,Single-Family Home,812500,"$853,000",94044,,,,Sold,SAN MATEO
48,240 Stanley Ave,,,Pacifica,,"Dec 12, 2013","$1,295,000",37.594543,-122.51055,CA,Single-Family Home,1295000,"$576,000",94044,,,,Sold,SAN MATEO
49,719 Lundy Way,2.0,3.0,Pacifica,"1,130 sqft","Dec 10, 2013","$602,000",37.621025,-122.48403,CA,Single-Family Home,602000,"$761,000",94044,,,,Sold,SAN MATEO
50,2107 Palmetto Ave,,,Pacifica,,"Dec 10, 2013","$350,000",37.632942,-122.49195,CA,Unknown,350000,,94044,,,,Sold,SAN MATEO
51,516 Inverness Dr,2.0,3.0,Pacifica,"1,220 sqft","Dec 9, 2013","$560,000",37.647728,-122.47508,CA,Single-Family Home,560000,"$699,000",94044,,,,Sold,SAN MATEO
52,30 Eastridge Cir,2.0,3.0,Pacifica,"1,250 sqft","Dec 9, 2013","$575,000",37.665497,-122.48264,CA,Single-Family Home,575000,"$863,000",94044,,,,Sold,SAN MATEO
53,236 Gateway Dr,1.0,3.0,Pacifica,"1,060 sqft","Dec 5, 2013","$60,000",37.66383,-122.48037,CA,Single-Family Home,60000,"$685,000",94044,,,,Sold,SAN MATEO
54,155 Bonita Ave,1.0,2.0,Pacifica,740 sqft,"Dec 5, 2013","$580,000",37.613697,-122.47829,CA,Single-Family Home,580000,"$634,000",94044,,,,Sold,SAN MATEO
55,1231 Terra Nova Blvd,1.5,2.0,Pacifica,960 sqft,"Dec 5, 2013","$328,000",37.58674,-122.47756,CA,Single-Family Home,328000,"$488,000",94044,,,,Sold,SAN MATEO
56,1412 Crespi Dr,2.0,3.0,Pacifica,"1,100 sqft","Dec 3, 2013","$700,000",37.595123,-122.4807,CA,Single-Family Home,700000,"$725,000",94044,,,,Sold,SAN MATEO
57,320 Carmel Ave,3.0,3.0,Pacifica,"1,580 sqft","Nov 27, 2013","$675,000",37.63592,-122.4874,CA,Single-Family Home,675000,"$929,000",94044,,,,Sold,SAN MATEO
58,276 Gateway Dr,1.0,3.0,Pacifica,"1,070 sqft","Nov 27, 2013","$575,000",37.66215,-122.47967,CA,Single-Family Home,575000,"$674,000",94044,,,,Sold,SAN MATEO
59,342 Reichling Ave,,,Pacifica,,"Nov 27, 2013","$1,075,000",37.60977,-122.48427,CA,Single-Family Home,1075000,,94044,,,,Sold,SAN MATEO
60,1189 Manzanita Dr,2.0,3.0,Pacifica,"1,120 sqft","Nov 27, 2013","$690,000",37.584206,-122.47869,CA,Single-Family Home,690000,"$821,000",94044,,,,Sold,SAN MATEO
61,100 Franz Ct,2.5,4.0,Pacifica,"1,720 sqft","Nov 27, 2013","$718,000",37.612656,-122.48702,CA,Single-Family Home,718000,"$837,000",94044,,,,Sold,SAN MATEO
62,611 Farallon Ave,1.0,2.0,Pacifica,"1,260 sqft","Nov 27, 2013","$550,000",37.651794,-122.48234,CA,Single-Family Home,550000,"$723,000",94044,,,,Sold,SAN MATEO
63,305 Loma Vista Ter,1.0,2.0,Pacifica,"1,040 sqft","Nov 27, 2013","$604,000",37.635654,-122.487785,CA,Single-Family Home,604000,"$762,000",94044,,,,Sold,SAN MATEO
64,828 Burns Ct,2.0,3.0,Pacifica,"1,130 sqft","Nov 26, 2013","$670,000",37.619038,-122.48341,CA,Single-Family Home,670000,"$712,000",94044,,,,Sold,SAN MATEO
65,655 Heather Ct,2.0,3.0,Pacifica,"1,220 sqft","Nov 26, 2013","$525,000",37.6445,-122.470825,CA,Single-Family Home,525000,"$669,000",94044,,,,Sold,SAN MATEO
66,1111 Oddstad Blvd,1.5,2.0,Pacifica,940 sqft,"Nov 26, 2013","$410,000",37.592365,-122.464676,CA,Single-Family Home,410000,"$466,000",94044,,,,Sold,SAN MATEO
67,1209 Seville Dr,2.0,3.0,Pacifica,"1,080 sqft","Nov 22, 2013","$665,000",37.590576,-122.49257,CA,Single-Family Home,665000,"$683,000",94044,,,,Sold,SAN MATEO
68,1511 Madeira Dr,1.0,3.0,Pacifica,"1,040 sqft","Nov 22, 2013","$595,000",37.58177,-122.48078,CA,Single-Family Home,595000,"$667,000",94044,,,,Sold,SAN MATEO
69,1065 Barcelona Dr,2.0,3.0,Pacifica,"1,490 sqft","Nov 19, 2013","$680,000",37.592617,-122.48706,CA,Single-Family Home,680000,"$860,000",94044,,,,Sold,SAN MATEO
70,451 Farallon Ave,3.5,4.0,Pacifica,"2,850 sqft","Nov 19, 2013","$895,000",37.65418,-122.48386,CA,Single-Family Home,895000,"$1,272,000",94044,,,,Sold,SAN MATEO
71,1303 Poplar Ave,2.0,3.0,Pacifica,"1,110 sqft","Nov 19, 2013","$670,000",37.589314,-122.47801,CA,Single-Family Home,670000,"$709,000",94044,,,,Sold,SAN MATEO
72,5003 Palmetto Ave #83,2.0,2.0,Pacifica,"1,200 sqft","Nov 18, 2013","$504,000",37.65977,-122.490524,CA,Condo,504000,"$533,000",94044,,,,Sold,SAN MATEO
73,504 Monterey Rd #1,1.5,2.0,Pacifica,"1,050 sqft","Nov 15, 2013","$499,000",37.649868,-122.48049,CA,Condo,499000,"$545,000",94044,,,,Sold,SAN MATEO
74,308 Magellan Dr,1.0,3.0,Pacifica,"1,110 sqft","Nov 15, 2013","$590,000",37.6609,-122.48712,CA,Single-Family Home,590000,"$725,000",94044,,,,Sold,SAN MATEO
75,1431 Terra Nova Blvd,1.5,2.0,Pacifica,960 sqft,"Nov 14, 2013","$126,818",37.590878,-122.47607,CA,Single-Family Home,126818,"$534,000",94044,,,,Sold,SAN MATEO
76,1098 Everglades Dr,2.0,3.0,Pacifica,"1,100 sqft","Nov 14, 2013","$660,000",37.593304,-122.46872,CA,Single-Family Home,660000,"$804,000",94044,,,,Sold,SAN MATEO
77,455 Roberts Rd,2.5,2.0,Pacifica,"1,480 sqft","Nov 13, 2013","$600,000",37.602222,-122.4974,CA,Condo,600000,"$704,000",94044,,,,Sold,SAN MATEO
78,178 Brighton Rd,1.0,1.0,Pacifica,820 sqft,"Nov 8, 2013","$355,000",37.630398,-122.49054,CA,Single-Family Home,355000,"$453,000",94044,,,,Sold,SAN MATEO
79,1395 Solano Dr,1.0,3.0,Pacifica,"1,040 sqft","Nov 8, 2013","$600,000",37.584503,-122.49114,CA,Single-Family Home,600000,"$701,000",94044,,,,Sold,SAN MATEO
80,222 Monterey Rd,1.0,3.0,Pacifica,"1,410 sqft","Nov 8, 2013","$550,000",37.651436,-122.48826,CA,Single-Family Home,550000,"$669,000",94044,,,,Sold,SAN MATEO
81,308 Olympian Way,2.0,1.0,Pacifica,"1,040 sqft","Nov 7, 2013","$1,224,500",37.592793,-122.51103,CA,Single-Family Home,1224500,"$1,198,000",94044,,,,Sold,SAN MATEO
82,600 Heather Ct,2.0,3.0,Pacifica,"1,700 sqft","Nov 7, 2013","$556,000",37.644936,-122.471825,CA,Single-Family Home,556000,"$684,000",94044,,,,Sold,SAN MATEO
83,515 Monterey Rd,3.0,3.0,Pacifica,"1,760 sqft","Nov 6, 2013","$725,000",37.649384,-122.47935,CA,Single-Family Home,725000,"$918,000",94044,,,,Sold,SAN MATEO
84,3 Muir Way,2.5,4.0,Pacifica,"1,760 sqft","Nov 6, 2013","$805,000",37.58568,-122.47033,CA,Single-Family Home,805000,"$869,000",94044,,,,Sold,SAN MATEO
85,545 Farallon Ave,2.0,2.0,Pacifica,930 sqft,"Nov 5, 2013","$625,000",37.652615,-122.48332,CA,Single-Family Home,625000,"$827,000",94044,,,,Sold,SAN MATEO
86,340 Farallon Ave,2.5,4.0,Pacifica,"3,220 sqft","Nov 5, 2013","$1,025,000",37.65509,-122.48549,CA,Single-Family Home,1025000,"$1,110,000",94044,,,,Sold,SAN MATEO
87,150 Gateway Dr,2.0,3.0,Pacifica,"1,180 sqft","Nov 1, 2013","$650,000",37.66442,-122.48195,CA,Single-Family Home,650000,"$838,000",94044,,,,Sold,SAN MATEO
88,1542 Crespi Dr,3.0,3.0,Pacifica,"1,380 sqft","Nov 1, 2013","$630,000",37.59859,-122.48232,CA,Single-Family Home,630000,"$763,000",94044,,,,Sold,SAN MATEO
89,689 Lockhaven Dr,2.0,3.0,Pacifica,"1,220 sqft","Nov 1, 2013","$613,000",37.644047,-122.4715,CA,Single-Family Home,613000,"$611,000",94044,,,,Sold,SAN MATEO
90,1667 Toledo Ct,1.0,3.0,Pacifica,"1,040 sqft","Oct 31, 2013","$595,000",37.58191,-122.476395,CA,Single-Family Home,595000,"$724,000",94044,,,,Sold,SAN MATEO
91,215 Beaumont Blvd,1.0,3.0,Pacifica,"1,830 sqft","Oct 31, 2013","$875,000",37.656082,-122.48935,CA,Single-Family Home,875000,"$855,000",94044,,,,Sold,SAN MATEO
92,200 Palmetto Ave,2.0,1.0,Pacifica,"1,176 sqft","Oct 31, 2013","$388,000",37.65644,-122.49267,CA,Condo,388000,"$551,000",94044,,,,Sold,SAN MATEO
93,5 Tranquility Ct,4.0,5.0,Pacifica,"3,385 sqft","Oct 30, 2013","$1,600,000",37.643238,-122.489555,CA,Single-Family Home,1600000,"$1,771,000",94044,,,,Sold,SAN MATEO
94,1147 Palou Dr,2.0,4.0,Pacifica,"1,540 sqft","Oct 30, 2013","$720,000",37.58263,-122.4916,CA,Single-Family Home,720000,"$814,000",94044,,,,Sold,SAN MATEO
95,1243 Terra Nova Blvd,2.0,2.0,Pacifica,"1,400 sqft","Oct 30, 2013","$415,000",37.587086,-122.47764,CA,Single-Family Home,415000,"$589,000",94044,,,,Sold,SAN MATEO
96,751 Lundy Way,2.0,3.0,Pacifica,"1,130 sqft","Oct 29, 2013","$545,000",37.620476,-122.484055,CA,Single-Family Home,545000,"$710,000",94044,,,,Sold,SAN MATEO
97,12 Melrose Ct,3.0,4.0,Pacifica,"1,180 sqft","Oct 28, 2013","$738,500",37.65532,-122.47974,CA,Single-Family Home,738500,"$818,000",94044,,,,Sold,SAN MATEO
98,1112 Valencia Way,2.0,3.0,Pacifica,"1,080 sqft","Oct 25, 2013","$670,000",37.594643,-122.48618,CA,Single-Family Home,670000,"$800,000",94044,,,,Sold,SAN MATEO
99,305 Sycamore St,1.0,2.0,Pacifica,"1,210 sqft","Oct 25, 2013","$314,500",37.647118,-122.47332,CA,Single-Family Home,314500,"$520,000",94044,,,,Sold,SAN MATEO
100,661 Canyon Dr,1.0,2.0,Pacifica,720 sqft,"Oct 25, 2013","$580,000",37.635406,-122.48041,CA,Single-Family Home,580000,"$586,000",94044,,,,Sold,SAN MATEO
101,889 Linda Mar Blvd,1.0,3.0,Pacifica,"1,040 sqft","Oct 23, 2013","$620,000",37.590286,-122.4945,CA,Single-Family Home,620000,"$723,000",94044,,,,Sold,SAN MATEO
102,27 Brookhaven Ct,2.0,3.0,Pacifica,"1,180 sqft","Oct 22, 2013","$650,000",37.65816,-122.48398,CA,Single-Family Home,650000,"$748,000",94044,,,,Sold,SAN MATEO
103,490 Lewis Ln,,,Pacifica,,"Oct 21, 2013","$1,010,000",37.647438,-122.480225,CA,Multi-Family,1010000,"$580,000",94044,,,,Sold,SAN MATEO
104,343 Reichling Ave,2.0,4.0,Pacifica,"1,660 sqft","Oct 21, 2013","$675,000",37.610367,-122.48358,CA,Single-Family Home,675000,"$809,000",94044,,,,Sold,SAN MATEO
105,294 Clifton Rd,1.0,2.0,Pacifica,950 sqft,"Oct 18, 2013","$535,000",37.65273,-122.48694,CA,Single-Family Home,535000,"$668,000",94044,,,,Sold,SAN MATEO
106,5020 Palmetto Ave,2.0,3.0,Pacifica,"1,250 sqft","Oct 16, 2013","$595,000",37.660885,-122.490036,CA,Single-Family Home,595000,"$806,000",94044,,,,Sold,SAN MATEO
107,774 Prairie Creek Dr,2.0,3.0,Pacifica,"1,080 sqft","Oct 16, 2013","$609,000",37.589417,-122.461586,CA,Single-Family Home,609000,"$782,000",94044,,,,Sold,SAN MATEO
108,1243 Linda Mar Blvd,1.0,3.0,Pacifica,"1,290 sqft","Oct 16, 2013","$610,000",37.5845,-122.48628,CA,Single-Family Home,610000,"$784,000",94044,,,,Sold,SAN MATEO
109,359 Inverness Dr,1.5,3.0,Pacifica,"1,260 sqft","Oct 16, 2013","$625,000",37.6528,-122.478355,CA,Single-Family Home,625000,"$652,000",94044,,,,Sold,SAN MATEO
110,5030 Palmetto Ave,2.0,3.0,Pacifica,"1,250 sqft","Oct 15, 2013","$600,000",37.660786,-122.489365,CA,Single-Family Home,600000,"$805,000",94044,,,,Sold,SAN MATEO
111,621 Sharp Park Rd,2.5,3.0,Pacifica,"1,380 sqft","Oct 15, 2013","$600,000",37.63474,-122.473305,CA,Single-Family Home,600000,"$731,000",94044,,,,Sold,SAN MATEO
112,637 Forest Lake Dr,1.0,3.0,Pacifica,"1,110 sqft","Oct 11, 2013","$590,000",37.65186,-122.47548,CA,Single-Family Home,590000,"$692,000",94044,,,,Sold,SAN MATEO
113,11 Buffalo Ct,2.0,3.0,Pacifica,"1,240 sqft","Oct 11, 2013","$720,000",37.59643,-122.46284,CA,Single-Family Home,720000,"$870,000",94044,,,,Sold,SAN MATEO
114,967 Fassler Ave,2.5,2.0,Pacifica,"1,450 sqft","Oct 11, 2013","$600,000",37.599754,-122.48522,CA,Single-Family Home,600000,"$767,000",94044,,,,Sold,SAN MATEO
115,1049 Rainier Ave,2.5,4.0,Pacifica,"2,310 sqft","Oct 10, 2013","$740,000",37.59053,-122.4647,CA,Single-Family Home,740000,"$948,000",94044,,,,Sold,SAN MATEO
116,394 Coral Ridge Dr,2.0,3.0,Pacifica,"1,370 sqft","Oct 10, 2013","$750,000",37.656906,-122.48719,CA,Single-Family Home,750000,"$881,000",94044,,,,Sold,SAN MATEO
117,426 Lewis Ln,2.5,3.0,Pacifica,"1,614 sqft","Oct 9, 2013","$625,000",37.64811,-122.48178,CA,Condo,625000,"$944,000",94044,,,,Sold,SAN MATEO
118,402 Donaldson Ave,1.0,1.0,Pacifica,630 sqft,"Oct 8, 2013","$405,000",37.609337,-122.493286,CA,Single-Family Home,405000,"$659,000",94044,,,,Sold,SAN MATEO
119,620 Lockhaven Dr,2.0,3.0,Pacifica,"1,220 sqft","Oct 8, 2013","$620,000",37.644814,-122.473305,CA,Single-Family Home,620000,"$733,000",94044,,,,Sold,SAN MATEO
120,1246 Lerida Way,2.0,3.0,Pacifica,"1,500 sqft","Oct 4, 2013","$680,000",37.592766,-122.479416,CA,Single-Family Home,680000,"$857,000",94044,,,,Sold,SAN MATEO
121,1560 Grand Ave,1.0,2.0,Pacifica,"1,030 sqft","Oct 4, 2013","$544,000",37.59105,-122.51134,CA,Single-Family Home,544000,"$805,000",94044,,,,Sold,SAN MATEO
122,369 Pacific Ave,1.0,2.0,Pacifica,880 sqft,"Oct 3, 2013","$482,500",37.632145,-122.48646,CA,Single-Family Home,482500,"$665,000",94044,,,,Sold,SAN MATEO
123,6 Spruce Ct,,,Pacifica,,"Oct 3, 2013","$268,000",37.593082,-122.480804,CA,Unknown,268000,,94044,,,,Sold,SAN MATEO
124,730 Fern Ave,2.0,3.0,Pacifica,"1,120 sqft","Oct 3, 2013","$600,000",37.608704,-122.47842,CA,Single-Family Home,600000,"$704,000",94044,,,,Sold,SAN MATEO
125,498 Paloma Ave,1.0,2.0,Pacifica,"1,110 sqft","Oct 3, 2013","$680,000",37.636604,-122.48376,CA,Single-Family Home,680000,"$692,000",94044,,,,Sold,SAN MATEO
126,496 Lynbrook Dr,2.0,3.0,Pacifica,"1,310 sqft","Oct 1, 2013","$500,000",37.654373,-122.475464,CA,Single-Family Home,500000,"$665,000",94044,,,,Sold,SAN MATEO
127,389 Glencourt Way,2.0,3.0,Pacifica,"1,220 sqft","Oct 1, 2013","$590,500",37.648365,-122.47465,CA,Single-Family Home,590500,"$606,000",94044,,,,Sold,SAN MATEO
128,1415 Linda Mar Blvd,1.0,3.0,Pacifica,"1,040 sqft","Sep 30, 2013","$625,000",37.582607,-122.4829,CA,Single-Family Home,625000,"$709,000",94044,,,,Sold,SAN MATEO
129,1120 Glacier Ave,2.0,4.0,Pacifica,"1,360 sqft","Sep 27, 2013","$710,000",37.59172,-122.4618,CA,Single-Family Home,710000,"$850,000",94044,,,,Sold,SAN MATEO
130,1131 Sheila Ln,2.0,3.0,Pacifica,"1,510 sqft","Sep 27, 2013","$650,000",37.586414,-122.48437,CA,Single-Family Home,650000,"$800,000",94044,,,,Sold,SAN MATEO
131,1327 Livingston Ave,4.5,4.0,Pacifica,"3,028 sqft","Sep 27, 2013","$1,395,000",37.594185,-122.50888,CA,Single-Family Home,1395000,"$1,402,000",94044,,,,Sold,SAN MATEO
132,724 Claridge Dr,2.0,3.0,Pacifica,"1,220 sqft","Sep 27, 2013","$580,000",37.64386,-122.46986,CA,Single-Family Home,580000,"$728,000",94044,,,,Sold,SAN MATEO
133,438 Firecrest Ave,2.5,4.0,Pacifica,"1,610 sqft","Sep 26, 2013","$655,000",37.655502,-122.4752,CA,Single-Family Home,655000,"$766,000",94044,,,,Sold,SAN MATEO
134,1207 De Solo Dr,1.0,3.0,Pacifica,"1,040 sqft","Sep 26, 2013","$545,000",37.59414,-122.50108,CA,Single-Family Home,545000,"$653,000",94044,,,,Sold,SAN MATEO
135,572 Moana Way,2.0,3.0,Pacifica,"1,140 sqft","Sep 25, 2013","$623,000",37.631447,-122.48315,CA,Single-Family Home,623000,"$733,000",94044,,,,Sold,SAN MATEO
136,345 Esplanade Ave,4.0,8.0,Pacifica,"5,824 sqft","Sep 25, 2013","$333,000",37.652737,-122.492455,CA,Multi-Family,333000,,94044,,,,Sold,SAN MATEO
137,27 Cadiz Ct,1.0,3.0,Pacifica,"1,040 sqft","Sep 24, 2013","$430,000",37.592804,-122.49434,CA,Single-Family Home,430000,"$663,000",94044,,,,Sold,SAN MATEO
138,7 Alisal Ct,2.5,4.0,Pacifica,"1,970 sqft","Sep 24, 2013","$825,000",37.65396,-122.47312,CA,Single-Family Home,825000,"$891,000",94044,,,,Sold,SAN MATEO
139,412 Griffin Ave,2.5,4.0,Pacifica,"2,530 sqft","Sep 20, 2013","$785,000",37.63396,-122.48622,CA,Single-Family Home,785000,"$863,000",94044,,,,Sold,SAN MATEO
140,159 Eastridge Cir,2.5,3.0,Pacifica,"1,250 sqft","Sep 20, 2013","$675,000",37.665985,-122.48197,CA,Single-Family Home,675000,"$865,000",94044,,,,Sold,SAN MATEO
141,266 Beachview Ave #7,2.5,3.0,Pacifica,"1,640 sqft","Sep 20, 2013","$600,000",37.65417,-122.482704,CA,Single-Family Home,600000,"$774,000",94044,,,,Sold,SAN MATEO
142,398 Beverly Pl,2.0,3.0,Pacifica,"1,360 sqft","Sep 20, 2013","$650,000",37.65441,-122.486115,CA,Single-Family Home,650000,"$756,000",94044,,,,Sold,SAN MATEO
143,1144 Dulles Ct,2.0,3.0,Pacifica,"1,110 sqft","Sep 19, 2013","$590,000",37.58559,-122.48156,CA,Single-Family Home,590000,"$660,000",94044,,,,Sold,SAN MATEO
144,335 Esplanade Ave,4.0,8.0,Pacifica,"5,824 sqft","Sep 19, 2013","$998,000",37.652935,-122.49262,CA,Multi-Family,998000,,94044,,,,Sold,SAN MATEO
145,1576 Madeira Dr,2.0,4.0,Pacifica,"1,740 sqft","Sep 19, 2013","$700,000",37.581387,-122.47944,CA,Single-Family Home,700000,"$820,000",94044,,,,Sold,SAN MATEO
146,1018 Big Bend Dr,3.0,4.0,Pacifica,"1,870 sqft","Sep 18, 2013","$731,000",37.589474,-122.4667,CA,Single-Family Home,731000,"$942,000",94044,,,,Sold,SAN MATEO
147,1041 Banyan Way,1.5,3.0,Pacifica,"1,220 sqft","Sep 17, 2013","$750,000",37.590515,-122.48179,CA,Single-Family Home,750000,"$770,000",94044,,,,Sold,SAN MATEO
148,513 Monterey Rd,2.0,3.0,Pacifica,"1,590 sqft","Sep 12, 2013","$750,000",37.649525,-122.47954,CA,Single-Family Home,750000,"$814,000",94044,,,,Sold,SAN MATEO
149,539 Vista Mar Ave,1.0,3.0,Pacifica,980 sqft,"Sep 12, 2013","$600,000",37.647636,-122.48533,CA,Single-Family Home,600000,"$624,000",94044,,,,Sold,SAN MATEO
150,1 Outlook Cir,1.0,1.0,Pacifica,939 sqft,"Sep 12, 2013","$430,000",37.63181,-122.47541,CA,Condo,430000,"$528,000",94044,,,,Sold,SAN MATEO
151,981 Rosita Rd,3.0,4.0,Pacifica,"2,170 sqft","Sep 12, 2013","$803,000",37.58543,-122.49629,CA,Single-Family Home,803000,"$928,000",94044,,,,Sold,SAN MATEO
152,1262 Alicante Dr,3.0,4.0,Pacifica,"1,490 sqft","Sep 11, 2013","$585,000",37.583706,-122.48237,CA,Single-Family Home,585000,"$783,000",94044,,,,Sold,SAN MATEO
153,52 Desvio Ct,2.0,3.0,Pacifica,"1,100 sqft","Sep 11, 2013","$687,000",37.585392,-122.482414,CA,Single-Family Home,687000,"$767,000",94044,,,,Sold,SAN MATEO
154,965 Monte Verde Dr,1.0,3.0,Pacifica,"1,040 sqft","Sep 10, 2013","$605,000",37.58385,-122.49648,CA,Single-Family Home,605000,"$728,000",94044,,,,Sold,SAN MATEO
155,1127 Crespi Dr,1.0,3.0,Pacifica,980 sqft,"Sep 6, 2013","$620,000",37.590244,-122.48833,CA,Single-Family Home,620000,"$762,000",94044,,,,Sold,SAN MATEO
156,1040 Escalero Ave,1.0,3.0,Pacifica,"1,040 sqft","Sep 6, 2013","$580,000",37.59576,-122.49356,CA,Single-Family Home,580000,"$754,000",94044,,,,Sold,SAN MATEO
157,200 Bonita Ave,2.0,2.0,Pacifica,"2,050 sqft","Sep 6, 2013","$835,000",37.612576,-122.47882,CA,Single-Family Home,835000,"$943,000",94044,,,,Sold,SAN MATEO
158,744 Crespi Dr,2.0,3.0,Pacifica,"1,560 sqft","Sep 6, 2013","$680,000",37.59408,-122.49733,CA,Single-Family Home,680000,"$967,000",94044,,,,Sold,SAN MATEO
159,484 Lomond Dr,2.0,3.0,Pacifica,"1,220 sqft","Sep 5, 2013","$328,000",37.649155,-122.47415,CA,Single-Family Home,328000,"$643,000",94044,,,,Sold,SAN MATEO
160,379 Bancroft Way,2.0,4.0,Pacifica,950 sqft,"Sep 5, 2013","$515,000",37.652176,-122.484634,CA,Single-Family Home,515000,"$595,000",94044,,,,Sold,SAN MATEO
161,714 Rockaway Beach Ave,2.0,3.0,Pacifica,"1,790 sqft","Sep 3, 2013","$812,000",37.60419,-122.48962,CA,Single-Family Home,812000,"$947,000",94044,,,,Sold,SAN MATEO
162,644 Forest Lake Dr,1.0,3.0,Pacifica,"1,110 sqft","Aug 30, 2013","$480,000",37.651283,-122.47525,CA,Single-Family Home,480000,"$625,000",94044,,,,Sold,SAN MATEO
163,345 Genevieve Ave,3.5,3.0,Pacifica,"2,650 sqft","Aug 30, 2013","$850,000",37.609486,-122.47853,CA,Single-Family Home,850000,"$1,056,000",94044,,,,Sold,SAN MATEO
164,5015 Palmetto Ave #8,1.0,2.0,Pacifica,"1,000 sqft","Aug 30, 2013","$467,000",37.65977,-122.490524,CA,Condo,467000,"$532,000",94044,,,,Sold,SAN MATEO
165,316 Avalon Dr,1.0,3.0,Pacifica,"1,000 sqft","Aug 30, 2013","$550,000",37.64648,-122.486,CA,Single-Family Home,550000,"$609,000",94044,,,,Sold,SAN MATEO
166,1117 Grand Teton Dr,2.0,3.0,Pacifica,"1,490 sqft","Aug 30, 2013","$699,500",37.590237,-122.46776,CA,Single-Family Home,699500,"$726,000",94044,,,,Sold,SAN MATEO
167,71 Santa Rosa Ave,1.0,2.0,Pacifica,500 sqft,"Aug 30, 2013","$400,000",37.633564,-122.49287,CA,Single-Family Home,400000,"$464,000",94044,,,,Sold,SAN MATEO
168,111 Eastridge Cir,1.0,3.0,Pacifica,"1,350 sqft","Aug 28, 2013","$600,000",37.666492,-122.4835,CA,Single-Family Home,600000,"$797,000",94044,,,,Sold,SAN MATEO
169,5015 Palmetto Ave #4,1.0,2.0,Pacifica,"1,000 sqft","Aug 28, 2013","$437,500",37.65977,-122.490524,CA,Condo,437500,"$523,000",94044,,,,Sold,SAN MATEO
170,479 Loma Vista Ter,2.0,3.0,Pacifica,"1,290 sqft","Aug 27, 2013","$640,000",37.635654,-122.4845,CA,Single-Family Home,640000,"$634,000",94044,,,,Sold,SAN MATEO
171,1021 Rainier Ave,3.0,4.0,Pacifica,"2,370 sqft","Aug 26, 2013","$720,000",37.589634,-122.46517,CA,Single-Family Home,720000,"$898,000",94044,,,,Sold,SAN MATEO
172,5011 Palmetto Ave #20,1.0,2.0,Pacifica,"1,000 sqft","Aug 26, 2013","$411,500",37.65977,-122.490524,CA,Condo,411500,"$506,000",94044,,,,Sold,SAN MATEO
173,463 Andover Dr,2.0,3.0,Pacifica,"1,180 sqft","Aug 23, 2013","$667,000",37.655727,-122.47373,CA,Single-Family Home,667000,"$798,000",94044,,,,Sold,SAN MATEO
174,1639 Linda Mar Blvd,1.0,3.0,Pacifica,"1,040 sqft","Aug 23, 2013","$620,000",37.581703,-122.477646,CA,Single-Family Home,620000,"$700,000",94044,,,,Sold,SAN MATEO
175,143 Beachview Ave,1.5,3.0,Pacifica,"1,240 sqft","Aug 22, 2013","$615,000",37.65621,-122.48481,CA,Single-Family Home,615000,"$717,000",94044,,,,Sold,SAN MATEO
176,307 Heathcliff Dr,2.0,3.0,Pacifica,"1,220 sqft","Aug 20, 2013","$560,000",37.650444,-122.47369,CA,Single-Family Home,560000,"$730,000",94044,,,,Sold,SAN MATEO
177,435 Glasgow Dr,2.0,3.0,Pacifica,"1,220 sqft","Aug 20, 2013","$593,000",37.649975,-122.47518,CA,Single-Family Home,593000,"$618,000",94044,,,,Sold,SAN MATEO
178,8 Conchita Ct,1.0,3.0,Pacifica,"1,010 sqft","Aug 19, 2013","$642,000",37.642967,-122.48545,CA,Single-Family Home,642000,"$670,000",94044,,,,Sold,SAN MATEO
179,8 Hamilton Ct,2.0,3.0,Pacifica,"1,180 sqft","Aug 16, 2013","$735,000",37.656036,-122.480446,CA,Single-Family Home,735000,"$721,000",94044,,,,Sold,SAN MATEO
180,1239 Galvez Dr,2.0,2.0,Pacifica,"1,040 sqft","Aug 16, 2013","$625,000",37.582565,-122.488846,CA,Single-Family Home,625000,"$779,000",94044,,,,Sold,SAN MATEO
181,712 Linda Mar Blvd,1.0,3.0,Pacifica,"1,040 sqft","Aug 16, 2013","$360,000",37.59213,-122.49965,CA,Single-Family Home,360000,"$631,000",94044,,,,Sold,SAN MATEO
182,559 Beaumont Blvd,2.0,2.0,Pacifica,"1,350 sqft","Aug 16, 2013","$765,000",37.652092,-122.48399,CA,Single-Family Home,765000,"$790,000",94044,,,,Sold,SAN MATEO
183,1397 Terra Nova Blvd,1.5,2.0,Pacifica,960 sqft,"Aug 15, 2013","$415,000",37.59043,-122.47633,CA,Single-Family Home,415000,"$486,000",94044,,,,Sold,SAN MATEO
184,207 Monterey Rd #4,2.0,2.0,Pacifica,"1,610 sqft","Aug 15, 2013","$500,000",37.65196,-122.48883,CA,Condo,500000,"$614,000",94044,,,,Sold,SAN MATEO
185,211 Clifton Rd,2.5,2.0,Pacifica,"1,190 sqft","Aug 15, 2013","$500,000",37.653355,-122.48916,CA,Single-Family Home,500000,"$601,000",94044,,,,Sold,SAN MATEO
186,863 Vista Montara Cir,2.5,3.0,Pacifica,"1,567 sqft","Aug 15, 2013","$725,000",37.5863,-122.49778,CA,Condo,725000,"$852,000",94044,,,,Sold,SAN MATEO
187,771 Moana Way,2.0,3.0,Pacifica,"1,130 sqft","Aug 13, 2013","$500,000",37.633163,-122.48035,CA,Single-Family Home,500000,"$785,000",94044,,,,Sold,SAN MATEO
188,262 Beachview Ave #4,2.5,2.0,Pacifica,"1,440 sqft","Aug 9, 2013","$605,000",37.654472,-122.48299,CA,Single-Family Home,605000,"$732,000",94044,,,,Sold,SAN MATEO
189,1239 Lerida Way,2.0,3.0,Pacifica,"1,240 sqft","Aug 9, 2013","$665,000",37.593826,-122.47795,CA,Single-Family Home,665000,"$777,000",94044,,,,Sold,SAN MATEO
190,1031 Rio Vista Dr,2.0,4.0,Pacifica,"1,040 sqft","Aug 9, 2013","$698,000",37.585316,-122.494064,CA,Single-Family Home,698000,"$799,000",94044,,,,Sold,SAN MATEO
191,23 Alviso Ct,2.0,4.0,Pacifica,"1,320 sqft","Aug 8, 2013","$665,000",37.587036,-122.48847,CA,Single-Family Home,665000,"$758,000",94044,,,,Sold,SAN MATEO
192,520 Ridgeway Dr,2.0,3.0,Pacifica,"1,130 sqft","Aug 8, 2013","$605,000",37.62123,-122.48196,CA,Single-Family Home,605000,"$733,000",94044,,,,Sold,SAN MATEO
193,153 Outlook Cir,1.0,1.0,Pacifica,939 sqft,"Aug 7, 2013","$430,000",37.63181,-122.47541,CA,Condo,430000,"$490,000",94044,,,,Sold,SAN MATEO
194,411 Vista Mar Ave,1.0,3.0,Pacifica,840 sqft,"Aug 6, 2013","$525,000",37.649906,-122.48497,CA,Single-Family Home,525000,"$582,000",94044,,,,Sold,SAN MATEO
195,1259 Hermosa Ave,1.0,3.0,Pacifica,"1,040 sqft","Aug 2, 2013","$589,000",37.589172,-122.49472,CA,Single-Family Home,589000,"$633,000",94044,,,,Sold,SAN MATEO
196,336 Glencourt Way,2.0,4.0,Pacifica,"1,686 sqft","Aug 2, 2013","$601,000",37.649174,-122.47356,CA,Single-Family Home,601000,"$685,000",94044,,,,Sold,SAN MATEO
197,538 Monterey Rd #A,2.5,3.0,Pacifica,"1,520 sqft","Aug 1, 2013","$777,000",37.647728,-122.47861,CA,Single-Family Home,777000,"$885,000",94044,,,,Sold,SAN MATEO
198,1635 Adobe Dr,3.5,4.0,Pacifica,"2,920 sqft","Aug 1, 2013","$1,200,000",37.582886,-122.49931,CA,Single-Family Home,1200000,"$1,598,000",94044,,,,Sold,SAN MATEO
199,428 Farallon Ave,3.5,4.0,Pacifica,"3,020 sqft","Jul 30, 2013","$730,000",37.654354,-122.48436,CA,Single-Family Home,730000,"$924,000",94044,,,,Sold,SAN MATEO
200,380 Lynbrook Dr,2.0,3.0,Pacifica,"1,310 sqft","Jul 30, 2013","$636,500",37.65672,-122.47736,CA,Single-Family Home,636500,"$687,000",94044,,,,Sold,SAN MATEO
201,244 Berendos Ave,1.0,3.0,Pacifica,"1,320 sqft","Jul 30, 2013","$658,000",37.60947,-122.47269,CA,Single-Family Home,658000,"$744,000",94044,,,,Sold,SAN MATEO
202,300 Fremont Ave,3.0,4.0,Pacifica,"1,629 sqft","Jul 29, 2013","$687,000",37.652008,-122.486946,CA,Multi-Family,687000,,94044,,,,Sold,SAN MATEO
203,517 Monterey Rd,3.0,3.0,Pacifica,"1,760 sqft","Jul 29, 2013","$726,000",37.649254,-122.479164,CA,Single-Family Home,726000,"$871,000",94044,,,,Sold,SAN MATEO
204,1120 Manzanita Dr,3.0,3.0,Pacifica,"1,600 sqft","Jul 26, 2013","$725,000",37.586662,-122.48232,CA,Single-Family Home,725000,"$805,000",94044,,,,Sold,SAN MATEO
205,2317 Beach Blvd,,,Pacifica,,"Jul 26, 2013","$1,365,000",37.631096,-122.493164,CA,Multi-Family,1365000,,94044,,,,Sold,SAN MATEO
206,154 Beachview Ave,1.5,3.0,Pacifica,"1,280 sqft","Jul 25, 2013","$600,000",37.655724,-122.4846,CA,Single-Family Home,600000,"$749,000",94044,,,,Sold,SAN MATEO
207,240 Reichling Ave,2.0,3.0,Pacifica,"1,170 sqft","Jul 25, 2013","$750,000",37.612495,-122.484184,CA,Single-Family Home,750000,"$844,000",94044,,,,Sold,SAN MATEO
208,719 Montezuma Dr,2.0,3.0,Pacifica,"2,090 sqft","Jul 24, 2013","$650,000",37.591763,-122.49971,CA,Single-Family Home,650000,"$823,000",94044,,,,Sold,SAN MATEO
209,283 Reichling Ave,2.0,3.0,Pacifica,"1,310 sqft","Jul 24, 2013","$670,000",37.611427,-122.48355,CA,Single-Family Home,670000,"$694,000",94044,,,,Sold,SAN MATEO
210,328 Seaside Dr,2.0,3.0,Pacifica,"1,050 sqft","Jul 24, 2013","$650,000",37.61958,-122.48822,CA,Single-Family Home,650000,"$788,000",94044,,,,Sold,SAN MATEO
211,350 View Point Ct,2.5,3.0,Pacifica,"2,100 sqft","Jul 24, 2013","$863,000",37.638607,-122.46662,CA,Single-Family Home,863000,"$1,068,000",94044,,,,Sold,SAN MATEO
212,820 Crespi Dr,2.0,3.0,Pacifica,"1,370 sqft","Jul 23, 2013","$680,000",37.59297,-122.495186,CA,Single-Family Home,680000,"$744,000",94044,,,,Sold,SAN MATEO
213,1145 Manzanita Dr,2.0,3.0,Pacifica,"1,210 sqft","Jul 23, 2013","$650,000",37.58576,-122.480804,CA,Single-Family Home,650000,"$674,000",94044,,,,Sold,SAN MATEO
214,586 Loma Vista Ter,,,Pacifica,,"Jul 19, 2013","$778,000",37.635094,-122.48357,CA,Single-Family Home,778000,"$209,000",94044,,,,Sold,SAN MATEO
215,1380 Flores Dr,1.0,3.0,Pacifica,"1,040 sqft","Jul 19, 2013","$595,000",37.591404,-122.50173,CA,Single-Family Home,595000,"$701,000",94044,,,,Sold,SAN MATEO
216,219 Manor Dr,1.0,3.0,Pacifica,"1,020 sqft","Jul 18, 2013","$560,000",37.64907,-122.487656,CA,Single-Family Home,560000,"$628,000",94044,,,,Sold,SAN MATEO
217,471 Imperial Dr,1.5,3.0,Pacifica,"1,230 sqft","Jul 16, 2013","$655,000",37.654446,-122.47589,CA,Single-Family Home,655000,"$833,000",94044,,,,Sold,SAN MATEO
218,1315 Terra Nova Blvd,2.0,2.0,Pacifica,"1,400 sqft","Jul 12, 2013","$475,000",37.58935,-122.47705,CA,Single-Family Home,475000,"$595,000",94044,,,,Sold,SAN MATEO
219,1341 Terra Nova Blvd,1.5,2.0,Pacifica,900 sqft,"Jul 10, 2013","$260,000",37.589832,-122.47664,CA,Single-Family Home,260000,"$497,000",94044,,,,Sold,SAN MATEO
220,10 Tioga Way,3.0,5.0,Pacifica,"2,640 sqft","Jul 10, 2013","$833,000",37.585114,-122.47141,CA,Single-Family Home,833000,"$1,115,000",94044,,,,Sold,SAN MATEO
221,1375 Terra Nova Blvd,1.5,2.0,Pacifica,"1,100 sqft","Jul 9, 2013","$425,000",37.589886,-122.47693,CA,Single-Family Home,425000,"$497,000",94044,,,,Sold,SAN MATEO
222,989 Serena Dr,2.0,4.0,Pacifica,"1,345 sqft","Jul 9, 2013","$728,000",37.594643,-122.4902,CA,Single-Family Home,728000,"$792,000",94044,,,,Sold,SAN MATEO
223,296 Seaside Dr,2.0,3.0,Pacifica,"1,050 sqft","Jul 8, 2013","$750,000",37.619804,-122.48943,CA,Single-Family Home,750000,"$756,000",94044,,,,Sold,SAN MATEO
224,1637 Higgins Way,2.0,3.0,Pacifica,"1,760 sqft","Jul 3, 2013","$750,000",37.583115,-122.49683,CA,Single-Family Home,750000,"$831,000",94044,,,,Sold,SAN MATEO
225,299 Sycamore St,3.0,4.0,Pacifica,"2,007 sqft","Jul 3, 2013","$845,000",37.64718,-122.47316,CA,Single-Family Home,845000,"$863,000",94044,,,,Sold,SAN MATEO
226,1383 Livingston Ave,,,Pacifica,,"Jul 3, 2013","$450,000",37.593353,-122.50962,CA,Unknown,450000,,94044,,,,Sold,SAN MATEO
227,1028 Monte Verde Dr,1.0,3.0,Pacifica,"1,040 sqft","Jul 2, 2013","$575,000",37.583252,-122.49593,CA,Single-Family Home,575000,"$690,000",94044,,,,Sold,SAN MATEO
228,709 Big Bend Dr,2.0,4.0,Pacifica,"1,560 sqft","Jul 2, 2013","$735,000",37.587906,-122.46019,CA,Single-Family Home,735000,"$857,000",94044,,,,Sold,SAN MATEO
229,477 Roberts Rd,2.0,3.0,Pacifica,"1,780 sqft","Jul 1, 2013","$740,000",37.602222,-122.4974,CA,Condo,740000,"$829,000",94044,,,,Sold,SAN MATEO
230,218 Palmetto Ave,2.0,2.0,Pacifica,"1,445 sqft","Jul 1, 2013","$553,500",37.65644,-122.49267,CA,Condo,553500,"$574,000",94044,,,,Sold,SAN MATEO
231,230 Monterey Rd,1.0,2.0,Pacifica,860 sqft,"Jun 28, 2013","$450,000",37.651413,-122.48805,CA,Single-Family Home,450000,"$672,000",94044,,,,Sold,SAN MATEO
232,1012 Everglades Dr,2.5,3.0,Pacifica,"1,490 sqft","Jun 28, 2013","$745,000",37.591454,-122.46564,CA,Single-Family Home,745000,"$889,000",94044,,,,Sold,SAN MATEO
233,1279 Alicante Dr,3.0,4.0,Pacifica,"1,080 sqft","Jun 28, 2013","$660,000",37.583447,-122.48389,CA,Single-Family Home,660000,"$684,000",94044,,,,Sold,SAN MATEO
234,770 Ursula Ave,2.0,3.0,Pacifica,"1,380 sqft","Jun 28, 2013","$630,000",37.61025,-122.47798,CA,Single-Family Home,630000,"$739,000",94044,,,,Sold,SAN MATEO
235,1310 Rosita Rd,1.5,2.0,Pacifica,"1,150 sqft","Jun 28, 2013","$448,000",37.58101,-122.48559,CA,Single-Family Home,448000,"$617,000",94044,,,,Sold,SAN MATEO
236,903 Fassler Ave,2.5,2.0,Pacifica,"1,300 sqft","Jun 26, 2013","$619,000",37.600773,-122.48772,CA,Single-Family Home,619000,"$723,000",94044,,,,Sold,SAN MATEO
237,823 Montezuma Dr,1.0,3.0,Pacifica,"1,040 sqft","Jun 26, 2013","$630,000",37.590496,-122.49666,CA,Single-Family Home,630000,"$745,000",94044,,,,Sold,SAN MATEO
238,479 Manor Dr,2.5,3.0,Pacifica,"1,375 sqft","Jun 26, 2013","$600,000",37.64684,-122.479996,CA,Single-Family Home,600000,"$763,000",94044,,,,Sold,SAN MATEO
239,976 Crespi Dr,1.0,3.0,Pacifica,"1,040 sqft","Jun 26, 2013","$100,000",37.59347,-122.49006,CA,Single-Family Home,100000,"$693,000",94044,,,,Sold,SAN MATEO
240,54 Salada Ave,1.5,1.0,Pacifica,"1,270 sqft","Jun 26, 2013","$485,000",37.63445,-122.493004,CA,Single-Family Home,485000,"$624,000",94044,,,,Sold,SAN MATEO
241,655 Foothill Dr,1.5,3.0,Pacifica,"1,260 sqft","Jun 26, 2013","$485,000",37.652332,-122.474754,CA,Single-Family Home,485000,"$719,000",94044,,,,Sold,SAN MATEO
242,507 Beaumont Blvd,1.0,3.0,Pacifica,860 sqft,"Jun 25, 2013","$441,000",37.653187,-122.48438,CA,Single-Family Home,441000,"$675,000",94044,,,,Sold,SAN MATEO
243,812 Prairie Creek Dr,2.0,3.0,Pacifica,"1,060 sqft","Jun 25, 2013","$701,000",37.589672,-122.46301,CA,Single-Family Home,701000,"$815,000",94044,,,,Sold,SAN MATEO
244,453 Lynbrook Dr,2.5,4.0,Pacifica,"1,960 sqft","Jun 25, 2013","$630,000",37.655083,-122.47531,CA,Single-Family Home,630000,"$801,000",94044,,,,Sold,SAN MATEO
245,1284 Alvarado Ave,2.0,3.0,Pacifica,"1,860 sqft","Jun 24, 2013","$820,000",37.584435,-122.48551,CA,Single-Family Home,820000,"$872,000",94044,,,,Sold,SAN MATEO
246,607 Sharp Park Rd,2.5,3.0,Pacifica,"1,695 sqft","Jun 24, 2013","$570,000",37.63439,-122.47388,CA,Single-Family Home,570000,"$712,000",94044,,,,Sold,SAN MATEO
247,227 Brighton Rd,4.0,5.0,Pacifica,"3,128 sqft","Jun 24, 2013","$585,000",37.630795,-122.48877,CA,Multi-Family,585000,,94044,,,,Sold,SAN MATEO
