id,address,bathroom,bedroom,city,formattedSqft,lastSaleDate,lastSalePrice,latitude,longitude,stateCode,typeDisplay,price,formattedTruliaEstimate,zipCode,neighborhood,walkScore,transitScore,status,county
1,19 Blake Ln #C,2.0,4.0,Scotts Valley,"1,750 sqft","Mar 7, 2014","$645,000",37.047066,-122.02179,CA,Multi-Family,645000,"$714,000",95066,,,,Sold,SANTA CRUZ
2,268 Bluebonnet Ln #131,2.0,2.0,Scotts Valley,"1,166 sqft","Mar 3, 2014","$483,000",37.050316,-122.02647,CA,Condo,483000,"$449,000",95066,,,,Sold,SANTA CRUZ
3,213 Navarra Dr,2.5,3.0,Scotts Valley,"2,192 sqft","Feb 28, 2014","$740,000",37.062553,-121.99934,CA,Single-Family Home,740000,"$788,000",95066,,,,Sold,SANTA CRUZ
4,552 Bean Creek Rd #38,2.0,2.0,Scotts Valley,"1,344 sqft","Feb 28, 2014","$420,000",37.05351,-122.02612,CA,Mobile/Manufactured,420000,,95066,,,,Sold,SANTA CRUZ
5,552 Bean Creek Rd #14,2.0,2.0,Scotts Valley,"1,372 sqft","Feb 27, 2014","$325,000",37.05351,-122.02612,CA,Mobile/Manufactured,325000,,95066,,,,Sold,SANTA CRUZ
6,307 Lockewood Ln,2.0,3.0,Scotts Valley,"1,255 sqft","Feb 25, 2014","$556,500",37.046593,-122.03502,CA,Single-Family Home,556500,"$690,000",95066,,,,Sold,SANTA CRUZ
7,100 Christel Oaks Dr,3.0,3.0,Scotts Valley,"2,108 sqft","Feb 21, 2014","$649,000",37.047436,-122.02396,CA,Single-Family Home,649000,"$803,000",95066,,,,Sold,SANTA CRUZ
8,194 Caseta Way,2.0,3.0,Scotts Valley,"1,463 sqft","Feb 21, 2014","$710,000",37.0386,-122.04286,CA,Single-Family Home,710000,"$752,000",95066,,,,Sold,SANTA CRUZ
9,5525 Scotts Valley Dr #19,1.5,2.0,Scotts Valley,"1,334 sqft","Feb 14, 2014","$440,000",37.06117,-122.00859,CA,Townhouse,440000,"$413,000",95066,,,,Sold,SANTA CRUZ
10,106 Bluebonnet Ln #3,2.5,,Scotts Valley,"1,397 sqft","Feb 12, 2014","$500,000",37.050182,-122.02594,CA,Townhouse,500000,"$545,000",95066,,,,Sold,SANTA CRUZ
11,31 Dunslee Way,2.5,3.0,Scotts Valley,"1,964 sqft","Feb 10, 2014","$670,000",37.05341,-122.01527,CA,Single-Family Home,670000,"$743,000",95066,,,,Sold,SANTA CRUZ
12,221 Geyer Rd,2.0,3.0,Scotts Valley,"3,421 sqft","Jan 31, 2014","$1,150,000",37.056427,-122.038284,CA,Farm/Ranch,1150000,"$910,000",95066,,,,Sold,SANTA CRUZ
13,878 Cadillac Dr,2.0,3.0,Scotts Valley,"1,603 sqft","Jan 31, 2014","$637,000",37.055126,-122.01978,CA,Farm/Ranch,637000,"$788,000",95066,,,,Sold,SANTA CRUZ
14,901 Whispering Pines Dr,2.0,3.0,Scotts Valley,"2,131 sqft","Jan 31, 2014","$732,000",37.03919,-122.03394,CA,Single-Family Home,732000,"$854,000",95066,,,,Sold,SANTA CRUZ
15,43 Appaloosa Ct,2.0,2.0,Scotts Valley,"1,419 sqft","Jan 29, 2014","$440,000",37.040558,-122.026276,CA,Townhouse,440000,"$458,000",95066,,,,Sold,SANTA CRUZ
16,170 Hilltop Way,1.5,2.0,Scotts Valley,"1,195 sqft","Jan 29, 2014","$525,000",37.059917,-121.99714,CA,Single-Family Home,525000,"$556,000",95066,,,,Sold,SANTA CRUZ
17,400 Bean Creek Rd,2.0,3.0,Scotts Valley,"1,767 sqft","Jan 27, 2014","$450,000",37.050472,-122.02511,CA,Single-Family Home,450000,"$736,000",95066,,,,Sold,SANTA CRUZ
18,311 Bean Creek Rd #310,1.0,2.0,Scotts Valley,"1,012 sqft","Jan 22, 2014","$335,000",37.04921,-122.0255,CA,Condo,335000,"$382,000",95066,,,,Sold,SANTA CRUZ
19,31 Willis Rd,2.0,4.0,Scotts Valley,"2,536 sqft","Jan 21, 2014","$830,000",37.058994,-122.01602,CA,Single-Family Home,830000,"$822,000",95066,,,,Sold,SANTA CRUZ
20,552 Bean Creek Rd #153,2.0,2.0,Scotts Valley,"1,464 sqft","Jan 17, 2014","$327,000",37.05401,-122.026825,CA,Mobile/Manufactured,327000,,95066,,,,Sold,SANTA CRUZ
21,6500 Highway 17,1.0,2.0,Scotts Valley,736 sqft,"Jan 15, 2014","$460,000",37.067955,-121.99402,CA,Farm/Ranch,460000,"$432,000",95066,,,,Sold,SANTA CRUZ
22,621 Grace Way,2.0,4.0,Scotts Valley,"1,839 sqft","Jan 10, 2014","$770,000",37.065956,-122.0092,CA,Single-Family Home,770000,"$811,000",95066,,,,Sold,SANTA CRUZ
23,740 Whispering Pines Dr,2.0,3.0,Scotts Valley,"1,529 sqft","Jan 9, 2014","$635,000",37.040546,-122.03377,CA,Single-Family Home,635000,"$702,000",95066,,,,Sold,SANTA CRUZ
24,305 Hacienda Dr,2.0,4.0,Scotts Valley,"2,320 sqft","Jan 9, 2014","$754,000",37.06448,-122.01081,CA,Single-Family Home,754000,"$759,000",95066,,,,Sold,SANTA CRUZ
25,268 Bluebonnet Ln #214,2.0,2.0,Scotts Valley,978 sqft,"Dec 31, 2013","$223,500",37.0502,-122.02726,CA,Single-Family Home,223500,"$437,000",95066,,,,Sold,SANTA CRUZ
26,111 Bean Creek Rd #143,2.0,2.0,Scotts Valley,"1,111 sqft","Dec 24, 2013","$353,000",37.04591,-122.02477,CA,Condo,353000,"$432,000",95066,,,,Sold,SANTA CRUZ
27,161 Dusty Dr,1.5,2.0,Scotts Valley,"1,280 sqft","Dec 24, 2013","$445,000",37.074974,-122.031715,CA,Single-Family Home,445000,"$487,000",95066,,,,Sold,SANTA CRUZ
28,268 Bluebonnet Ln #212,2.0,2.0,Scotts Valley,"1,212 sqft","Dec 24, 2013","$456,000",37.050327,-122.02708,CA,Condo,456000,"$464,000",95066,,,,Sold,SANTA CRUZ
29,552 Bean Creek Rd #207,2.0,3.0,Scotts Valley,"1,440 sqft","Dec 20, 2013","$375,000",37.054295,-122.02471,CA,Mobile/Manufactured,375000,,95066,,,,Sold,SANTA CRUZ
30,509 Tadstone Ln,,,Scotts Valley,,"Dec 16, 2013","$695,000",37.09971,-121.988464,CA,Single-Family Home,695000,,95066,,,,Sold,SANTA CRUZ
31,217 Navarra Dr,2.0,3.0,Scotts Valley,"1,446 sqft","Dec 13, 2013","$644,500",37.06265,-121.998535,CA,Single-Family Home,644500,"$695,000",95066,,,,Sold,SANTA CRUZ
32,563 Skypark Dr,2.5,3.0,Scotts Valley,"1,338 sqft","Dec 12, 2013","$632,500",37.052048,-122.03271,CA,Single-Family Home,632500,"$700,000",95066,,,,Sold,SANTA CRUZ
33,119 N Navarra Dr,2.5,4.0,Scotts Valley,"2,169 sqft","Dec 6, 2013","$629,000",37.06135,-122.000656,CA,Single-Family Home,629000,"$803,000",95066,,,,Sold,SANTA CRUZ
34,552 Bean Creek Rd #171,2.0,2.0,Scotts Valley,"1,296 sqft","Nov 27, 2013","$385,000",37.05443,-122.02322,CA,Single-Family Home,385000,"$562,000",95066,,,,Sold,SANTA CRUZ
35,268 Bluebonnet Ln #113,2.0,2.0,Scotts Valley,"1,212 sqft","Nov 27, 2013","$219,500",37.05031,-122.02634,CA,Single-Family Home,219500,"$506,000",95066,,,,Sold,SANTA CRUZ
36,214 El Camino Rd,3.0,4.0,Scotts Valley,"2,490 sqft","Nov 26, 2013","$750,000",37.06037,-121.99621,CA,Single-Family Home,750000,"$757,000",95066,,,,Sold,SANTA CRUZ
37,300 Endlich Dr,3.5,3.0,Scotts Valley,"3,228 sqft","Nov 26, 2013","$1,475,000",37.01885,-122.00671,CA,Farm/Ranch,1475000,"$1,102,000",95060,,,,Sold,SANTA CRUZ
38,500 Shasta Park Ct,3.0,4.0,Scotts Valley,"2,788 sqft","Nov 25, 2013","$1,160,000",37.033176,-122.02923,CA,Single-Family Home,1160000,"$1,386,000",95066,,,,Sold,SANTA CRUZ
39,38 Flora Ln,2.5,3.0,Scotts Valley,"1,537 sqft","Nov 22, 2013","$455,000",37.036976,-122.02029,CA,Townhouse,455000,"$560,000",95066,,,,Sold,SANTA CRUZ
40,4003 Granite Creek Rd,2.0,3.0,Scotts Valley,"1,633 sqft","Nov 22, 2013","$624,000",37.059658,-122.001366,CA,Single-Family Home,624000,"$684,000",95066,,,,Sold,SANTA CRUZ
41,5 Fox Sparrow Ct,2.5,3.0,Scotts Valley,"1,828 sqft","Nov 21, 2013","$685,000",37.062767,-122.00978,CA,Single-Family Home,685000,"$780,000",95066,,,,Sold,SANTA CRUZ
42,552 Bean Creek Rd #91,,,Scotts Valley,"1,368 sqft","Nov 20, 2013","$339,000",37.05351,-122.02612,CA,Mobile/Manufactured,339000,,95066,,,,Sold,SANTA CRUZ
43,552 Bean Creek Rd #88,2.0,2.0,Scotts Valley,"1,922 sqft","Nov 15, 2013","$500,000",37.05351,-122.02612,CA,Mobile/Manufactured,500000,,95066,,,,Sold,SANTA CRUZ
44,610 Bean Creek Rd,1.5,4.0,Scotts Valley,"1,380 sqft","Nov 8, 2013","$75,000",37.05606,-122.02055,CA,Single-Family Home,75000,"$386,000",95066,,,,Sold,SANTA CRUZ
45,226 Sherman Dr,2.0,3.0,Scotts Valley,"1,860 sqft","Nov 5, 2013","$735,000",37.058258,-122.00259,CA,Single-Family Home,735000,"$639,000",95066,,,,Sold,SANTA CRUZ
46,164 Zinfandel Cir,3.0,4.0,Scotts Valley,"2,592 sqft","Nov 4, 2013","$840,000",37.06504,-122.002106,CA,Single-Family Home,840000,"$946,000",95066,,,,Sold,SANTA CRUZ
47,19 Erba Ln,2.0,2.0,Scotts Valley,"1,188 sqft","Nov 1, 2013","$399,000",37.04949,-122.020294,CA,Condo,399000,"$416,000",95066,,,,Sold,SANTA CRUZ
48,610 Grace Way,2.0,3.0,Scotts Valley,"1,033 sqft","Oct 31, 2013","$495,000",37.064816,-122.008896,CA,Single-Family Home,495000,"$506,000",95066,,,,Sold,SANTA CRUZ
49,253 Spreading Oak Dr,2.0,3.0,Scotts Valley,"2,101 sqft","Oct 31, 2013","$700,000",37.034096,-122.03469,CA,Single-Family Home,700000,"$874,000",95066,,,,Sold,SANTA CRUZ
50,22 Deerfield Dr,5.5,4.0,Scotts Valley,"2,777 sqft","Oct 30, 2013","$960,000",37.07131,-122.00324,CA,Single-Family Home,960000,"$1,003,000",95066,,,,Sold,SANTA CRUZ
51,5 Traci Ct,3.5,5.0,Scotts Valley,"4,152 sqft","Oct 30, 2013","$1,450,000",37.05409,-121.99463,CA,Single-Family Home,1450000,"$1,766,000",95066,,,,Sold,SANTA CRUZ
52,135 Green Valley Rd,1.0,1.0,Scotts Valley,925 sqft,"Oct 28, 2013","$500,000",37.056213,-122.03094,CA,Single-Family Home,500000,"$550,000",95066,,,,Sold,SANTA CRUZ
53,2932 Granite Creek Rd,2.0,3.0,Scotts Valley,"1,501 sqft","Oct 25, 2013","$660,000",37.056973,-121.99791,CA,Single-Family Home,660000,"$697,000",95066,,,,Sold,SANTA CRUZ
54,389 Glenwood Cutoff,2.0,2.0,Scotts Valley,"1,030 sqft","Oct 24, 2013","$538,500",37.102158,-121.98197,CA,Farm/Ranch,538500,"$547,000",95066,,,,Sold,SANTA CRUZ
55,28 Silver Birch Ln,2.5,4.0,Scotts Valley,"1,634 sqft","Oct 23, 2013","$651,000",37.041473,-122.027725,CA,Single-Family Home,651000,"$725,000",95066,,,,Sold,SANTA CRUZ
56,109 Christel Oaks Dr #A,2.0,4.0,Scotts Valley,"1,792 sqft","Oct 16, 2013","$543,000",37.048317,-122.023155,CA,Multi-Family,543000,"$653,000",95066,,,,Sold,SANTA CRUZ
57,579 Skypark Dr,2.5,3.0,Scotts Valley,"1,338 sqft","Oct 15, 2013","$639,000",37.05254,-122.03254,CA,Single-Family Home,639000,"$705,000",95066,,,,Sold,SANTA CRUZ
58,111 Bean Creek Rd #21,2.0,2.0,Scotts Valley,"1,197 sqft","Oct 11, 2013","$376,000",37.045135,-122.02537,CA,Condo,376000,"$460,000",95066,,,,Sold,SANTA CRUZ
59,310 Estrella Dr,2.0,2.0,Scotts Valley,"1,628 sqft","Oct 11, 2013","$650,000",37.041405,-122.034775,CA,Single-Family Home,650000,"$719,000",95066,,,,Sold,SANTA CRUZ
60,135 Sugar Valley Rd,2.0,3.0,Scotts Valley,"1,571 sqft","Oct 10, 2013","$663,000",37.097977,-121.97117,CA,Farm/Ranch,663000,"$687,000",95066,,,,Sold,SANTA CRUZ
61,5 Deerfield Dr,4.5,5.0,Scotts Valley,"3,237 sqft","Oct 8, 2013","$1,135,000",37.069992,-122.004036,CA,Single-Family Home,1135000,"$1,120,000",95066,,,,Sold,SANTA CRUZ
62,1 Blake Ln #2C,,,Scotts Valley,,"Oct 4, 2013","$302,000",37.045883,-122.0211,CA,Lot/Land,302000,,95066,,,,Sold,SANTA CRUZ
63,1 Blake Ln #2B,,,Scotts Valley,,"Oct 4, 2013","$302,000",37.045883,-122.0211,CA,Lot/Land,302000,,95066,,,,Sold,SANTA CRUZ
64,1 Blake Ln #2A,,,Scotts Valley,,"Oct 4, 2013","$302,000",37.045883,-122.0211,CA,Lot/Land,302000,,95066,,,,Sold,SANTA CRUZ
65,268 Baja Sol Dr,2.0,3.0,Scotts Valley,"1,531 sqft","Oct 2, 2013","$627,500",37.038364,-122.03588,CA,Single-Family Home,627500,"$763,000",95066,,,,Sold,SANTA CRUZ
66,220 San Augustine Way,2.5,3.0,Scotts Valley,"2,411 sqft","Oct 2, 2013","$887,000",37.06448,-122.006546,CA,Single-Family Home,887000,"$848,000",95066,,,,Sold,SANTA CRUZ
67,213 Spreading Oak Dr,2.0,3.0,Scotts Valley,"2,727 sqft","Oct 1, 2013","$800,000",37.035667,-122.03472,CA,Single-Family Home,800000,"$1,002,000",95066,,,,Sold,SANTA CRUZ
68,114 Sawyer Ct,3.0,4.0,Scotts Valley,"2,558 sqft","Oct 1, 2013","$810,000",37.075356,-121.990486,CA,Farm/Ranch,810000,"$885,000",95066,,,,Sold,SANTA CRUZ
69,293 Civic Center Dr,2.5,3.0,Scotts Valley,"1,778 sqft","Sep 27, 2013","$600,000",37.05207,-122.015755,CA,Townhouse,600000,"$635,000",95066,,,,Sold,SANTA CRUZ
70,237 Bluebonnet Ln,,,Scotts Valley,,"Sep 27, 2013","$616,500",37.049793,-122.02707,CA,Unknown,616500,,95066,,,,Sold,SANTA CRUZ
71,552 Bean Creek Rd #172,2.0,3.0,Scotts Valley,"1,755 sqft","Sep 27, 2013","$539,000",37.054737,-122.02333,CA,Mobile/Manufactured,539000,,95066,,,,Sold,SANTA CRUZ
72,237 Bluebonnet Ln,,,Scotts Valley,,"Sep 26, 2013","$345,000",37.049793,-122.02707,CA,Single-Family Home,345000,,95066,,,,Sold,SANTA CRUZ
73,237 Bluebonnet Ln,,,Scotts Valley,,"Sep 26, 2013","$546,500",37.049793,-122.02707,CA,Single-Family Home,546500,,95066,,,,Sold,SANTA CRUZ
74,237 Bluebonnet Ln,,,Scotts Valley,,"Sep 26, 2013","$570,000",37.049793,-122.02707,CA,Single-Family Home,570000,,95066,,,,Sold,SANTA CRUZ
75,237 Bluebonnet Ln,,,Scotts Valley,,"Sep 26, 2013","$639,500",37.049793,-122.02707,CA,Single-Family Home,639500,,95066,,,,Sold,SANTA CRUZ
76,237 Bluebonnet Ln,,,Scotts Valley,,"Sep 26, 2013","$330,000",37.049793,-122.02707,CA,Single-Family Home,330000,,95066,,,,Sold,SANTA CRUZ
77,237 Bluebonnet Ln,,,Scotts Valley,,"Sep 26, 2013","$592,000",37.049793,-122.02707,CA,Single-Family Home,592000,,95066,,,,Sold,SANTA CRUZ
78,237 Bluebonnet Ln,,,Scotts Valley,,"Sep 25, 2013","$589,500",37.049793,-122.02707,CA,Single-Family Home,589500,,95066,,,,Sold,SANTA CRUZ
79,60 Terrace View Dr #A,2.0,3.0,Scotts Valley,"1,338 sqft","Sep 25, 2013","$467,000",37.04868,-122.02019,CA,Multi-Family,467000,"$566,000",95066,,,,Sold,SANTA CRUZ
80,237 Bluebonnet Ln,,,Scotts Valley,,"Sep 25, 2013","$546,000",37.049793,-122.02707,CA,Single-Family Home,546000,,95066,,,,Sold,SANTA CRUZ
81,237 Bluebonnet Ln,,,Scotts Valley,,"Sep 25, 2013","$580,000",37.049793,-122.02707,CA,Lot/Land,580000,,95066,,,,Sold,SANTA CRUZ
82,224 Burlwood Dr,2.0,3.0,Scotts Valley,"1,091 sqft","Sep 23, 2013","$525,000",37.062016,-121.99568,CA,Single-Family Home,525000,"$581,000",95066,,,,Sold,SANTA CRUZ
83,552 Bean Creek Rd #150,,,Scotts Valley,,"Sep 23, 2013","$379,000",37.05351,-122.02612,CA,Mobile/Manufactured,379000,,95066,,,,Sold,SANTA CRUZ
84,240 San Augustine Way,2.5,4.0,Scotts Valley,"3,117 sqft","Sep 20, 2013","$1,198,000",37.06594,-122.006424,CA,Single-Family Home,1198000,"$1,143,000",95066,,,,Sold,SANTA CRUZ
85,673 Pinecone Dr,2.0,3.0,Scotts Valley,"1,748 sqft","Sep 20, 2013","$805,500",37.03993,-122.036354,CA,Single-Family Home,805500,"$788,000",95066,,,,Sold,SANTA CRUZ
86,552 Bean Creek Rd #73,2.0,2.0,Scotts Valley,"1,540 sqft","Sep 12, 2013","$375,000",37.05217,-122.02484,CA,Mobile/Manufactured,375000,,95066,,,,Sold,SANTA CRUZ
87,293 Arrowhead Way,4.0,4.0,Scotts Valley,"3,090 sqft","Sep 12, 2013","$1,135,000",37.044247,-122.03694,CA,Single-Family Home,1135000,"$1,110,000",95066,,,,Sold,SANTA CRUZ
88,106 Falcon Ridge Rd,,,Scotts Valley,,"Sep 9, 2013","$995,000",37.043232,-122.01478,CA,Single-Family Home,995000,,95066,,,,Sold,SANTA CRUZ
89,132 Sunridge Dr,2.5,3.0,Scotts Valley,"2,482 sqft","Sep 9, 2013","$30,000",37.037983,-122.01852,CA,Single-Family Home,30000,"$802,000",95066,,,,Sold,SANTA CRUZ
90,2929 Granite Creek Rd,2.0,1.0,Scotts Valley,"1,735 sqft","Sep 6, 2013","$685,000",37.05652,-121.99828,CA,Single-Family Home,685000,"$718,000",95066,,,,Sold,SANTA CRUZ
91,111 Bean Creek Rd #78,2.0,,Scotts Valley,"1,032 sqft","Sep 5, 2013","$340,000",37.046192,-122.02509,CA,Condo,340000,"$433,000",95066,,,,Sold,SANTA CRUZ
92,118 Lauren Cir,3.5,5.0,Scotts Valley,"5,235 sqft","Sep 3, 2013","$1,500,000",37.055096,-121.997185,CA,Single-Family Home,1500000,"$2,066,000",95066,,,,Sold,SANTA CRUZ
93,570 Tabor Dr,2.0,3.0,Scotts Valley,"1,330 sqft","Aug 30, 2013","$480,000",37.072853,-121.99671,CA,Single-Family Home,480000,"$640,000",95066,,,,Sold,SANTA CRUZ
94,12 Maeve Ct,2.0,3.0,Scotts Valley,"1,511 sqft","Aug 29, 2013","$660,000",37.063137,-122.00821,CA,Single-Family Home,660000,"$729,000",95066,,,,Sold,SANTA CRUZ
95,111 Bean Creek Rd #172,2.5,2.0,Scotts Valley,"1,180 sqft","Aug 29, 2013","$428,000",37.048065,-122.02568,CA,Condo,428000,"$441,000",95066,,,,Sold,SANTA CRUZ
96,112 Falcon Ridge Rd,,,Scotts Valley,,"Aug 28, 2013","$995,000",37.042686,-122.01504,CA,Single-Family Home,995000,,95066,,,,Sold,SANTA CRUZ
97,111 Bean Creek Rd #74,2.0,2.0,Scotts Valley,929 sqft,"Aug 26, 2013","$327,000",37.046013,-122.02498,CA,Condo,327000,"$423,000",95066,,,,Sold,SANTA CRUZ
98,15 Windward Pl,2.0,2.0,Scotts Valley,"1,240 sqft","Aug 23, 2013","$583,000",37.05051,-122.01639,CA,Single-Family Home,583000,"$570,000",95066,,,,Sold,SANTA CRUZ
99,237 Bluebonnet Ln,,,Scotts Valley,,"Aug 23, 2013","$420,000",37.049793,-122.02707,CA,Single-Family Home,420000,,95066,,,,Sold,SANTA CRUZ
100,322 Oak Creek Blvd,2.5,2.0,Scotts Valley,"1,788 sqft","Aug 21, 2013","$625,000",37.045654,-122.017624,CA,Townhouse,625000,"$654,000",95066,,,,Sold,SANTA CRUZ
101,1125 Whispering Pines Dr,3.0,3.0,Scotts Valley,"1,892 sqft","Aug 20, 2013","$649,000",37.03732,-122.037445,CA,Single-Family Home,649000,"$763,000",95066,,,,Sold,SANTA CRUZ
102,132 Zinfandel Cir,3.0,5.0,Scotts Valley,"2,785 sqft","Aug 20, 2013","$950,000",37.06758,-122.00353,CA,Single-Family Home,950000,"$1,070,000",95066,,,,Sold,SANTA CRUZ
103,9 Carriage Ln,2.0,3.0,Scotts Valley,"1,547 sqft","Aug 16, 2013","$430,000",37.039898,-122.02853,CA,Townhouse,430000,"$525,000",95066,,,,Sold,SANTA CRUZ
104,237 Bluebonnet Ln,,,Scotts Valley,,"Aug 16, 2013","$604,500",37.049793,-122.02707,CA,Lot/Land,604500,,95066,,,,Sold,SANTA CRUZ
105,216 Hidden Glen Dr,2.0,3.0,Scotts Valley,"1,597 sqft","Aug 16, 2013","$900,000",37.034798,-122.03885,CA,Single-Family Home,900000,"$907,000",95066,,,,Sold,SANTA CRUZ
106,237 Bluebonnet Ln,,,Scotts Valley,,"Aug 15, 2013","$592,500",37.049793,-122.02707,CA,Lot/Land,592500,,95066,,,,Sold,SANTA CRUZ
107,237 Bluebonnet Ln,,,Scotts Valley,,"Aug 15, 2013","$598,500",37.049793,-122.02707,CA,Single-Family Home,598500,,95066,,,,Sold,SANTA CRUZ
108,237 Bluebonnet Ln,,,Scotts Valley,,"Aug 14, 2013","$576,500",37.049793,-122.02707,CA,Single-Family Home,576500,,95066,,,,Sold,SANTA CRUZ
109,311 Bean Creek Rd #103,1.0,2.0,Scotts Valley,"1,012 sqft","Aug 9, 2013","$325,000",37.049248,-122.024536,CA,Condo,325000,"$352,000",95066,,,,Sold,SANTA CRUZ
110,6017 Scotts Valley Dr #17,2.0,2.0,Scotts Valley,"1,216 sqft","Aug 9, 2013","$400,000",37.064877,-122.00317,CA,Condo,400000,"$465,000",95066,,,,Sold,SANTA CRUZ
111,237 Bluebonnet Ln,,,Scotts Valley,,"Aug 8, 2013","$558,000",37.049793,-122.02707,CA,Single-Family Home,558000,,95066,,,,Sold,SANTA CRUZ
112,925 Whispering Pines Dr,2.0,3.0,Scotts Valley,"1,920 sqft","Aug 8, 2013","$719,000",37.038628,-122.03376,CA,Single-Family Home,719000,"$728,000",95066,,,,Sold,SANTA CRUZ
113,117 Whispering Pines Ct,3.0,4.0,Scotts Valley,"2,308 sqft","Aug 6, 2013","$862,000",37.040436,-122.03186,CA,Single-Family Home,862000,"$1,060,000",95066,,,,Sold,SANTA CRUZ
114,234 Sherman Dr,2.0,3.0,Scotts Valley,"1,562 sqft","Aug 1, 2013","$670,000",37.057953,-122.00323,CA,Single-Family Home,670000,"$698,000",95066,,,,Sold,SANTA CRUZ
115,27 Riesling Way,3.0,4.0,Scotts Valley,"2,592 sqft","Aug 1, 2013","$965,000",37.066692,-122.000916,CA,Single-Family Home,965000,"$1,144,000",95066,,,,Sold,SANTA CRUZ
116,536 Lockhart Gulch Rd,1.0,2.0,Scotts Valley,924 sqft,"Jul 31, 2013","$220,000",37.056095,-122.03245,CA,Single-Family Home,220000,"$410,000",95066,,,,Sold,SANTA CRUZ
117,333 Piper Cub Ct,3.0,5.0,Scotts Valley,"2,142 sqft","Jul 30, 2013","$710,000",37.05047,-122.03433,CA,Single-Family Home,710000,"$879,000",95066,,,,Sold,SANTA CRUZ
118,660 Whispering Pines Dr,2.0,4.0,Scotts Valley,"2,358 sqft","Jul 26, 2013","$750,000",37.040005,-122.03246,CA,Single-Family Home,750000,"$884,000",95066,,,,Sold,SANTA CRUZ
119,468 Tabor Dr,2.5,4.0,Scotts Valley,"1,815 sqft","Jul 26, 2013","$636,000",37.071724,-121.99586,CA,Single-Family Home,636000,"$712,000",95066,,,,Sold,SANTA CRUZ
120,311 Bean Creek Rd #206,1.0,2.0,Scotts Valley,"1,012 sqft","Jul 23, 2013","$355,000",37.04902,-122.02492,CA,Condo,355000,"$376,000",95066,,,,Sold,SANTA CRUZ
121,55 Terrace View Dr,2.0,3.0,Scotts Valley,"1,286 sqft","Jul 18, 2013","$547,000",37.047367,-122.02008,CA,Single-Family Home,547000,"$592,000",95066,,,,Sold,SANTA CRUZ
122,265 Hidden Glen Dr,3.5,3.0,Scotts Valley,"3,531 sqft","Jul 18, 2013","$1,134,000",37.033867,-122.0367,CA,Single-Family Home,1134000,"$1,318,000",95066,,,,Sold,SANTA CRUZ
123,10 Willis Rd,2.0,3.0,Scotts Valley,"1,204 sqft","Jul 16, 2013","$540,000",37.059002,-122.01235,CA,Single-Family Home,540000,"$658,000",95066,,,,Sold,SANTA CRUZ
124,106 Bluebonnet Ln #16,2.5,3.0,Scotts Valley,"1,397 sqft","Jul 15, 2013","$480,000",37.050507,-122.02557,CA,Townhouse,480000,"$569,000",95066,,,,Sold,SANTA CRUZ
125,869 Pinecone Dr,2.0,3.0,Scotts Valley,"1,937 sqft","Jul 9, 2013","$671,000",37.03737,-122.03966,CA,Single-Family Home,671000,"$813,000",95066,,,,Sold,SANTA CRUZ
126,1675 Weston Rd,2.0,3.0,Scotts Valley,"1,736 sqft","Jun 28, 2013","$875,000",37.08928,-122.02172,CA,Farm/Ranch,875000,"$852,000",95066,,,,Sold,SANTA CRUZ
127,35 Casa Way,2.5,3.0,Scotts Valley,"2,152 sqft","Jun 26, 2013","$1,042,500",37.06856,-122.00888,CA,Single-Family Home,1042500,"$1,015,000",95066,,,,Sold,SANTA CRUZ
128,237 Bluebonnet Ln,3.5,4.0,Scotts Valley,"2,316 sqft","Jun 25, 2013","$590,000",37.049793,-122.02707,CA,Townhouse,590000,"$667,000",95066,,,,Sold,SANTA CRUZ
129,237 Bluebonnet Ln,,,Scotts Valley,,"Jun 25, 2013","$562,000",37.049793,-122.02707,CA,Lot/Land,562000,,95066,,,,Sold,SANTA CRUZ
