id,address,bathroom,bedroom,city,formattedSqft,lastSaleDate,lastSalePrice,latitude,longitude,stateCode,typeDisplay,price,formattedTruliaEstimate,zipCode,neighborhood,walkScore,transitScore,status,county
1,1347 Isabelle Cir,3.0,3.0,South San Francisco,"1,460 sqft","Dec 31, 1969",$0,37.66621,-122.44633,CA,Condo,599000,,94080,,65,,For Sale,SAN MATEO
2,3865 Carter Dr #302,2.0,2.0,South San Francisco,"1,033 sqft","Dec 31, 1969",$0,37.649315,-122.46936,CA,Condo,482885,,94080,,68,,For Sale,SAN MATEO
3,62 Mahogany Dr,3.0,4.0,South San Francisco,"2,150 sqft","Dec 31, 1969",$0,37.653614,-122.422386,CA,Single-Family Home,799000,,94080,,77,,For Sale,SAN MATEO
4,3721 Carter Dr #1204,2.0,2.0,South San Francisco,"1,060 sqft","Dec 31, 1969",$0,37.644985,-122.46818,CA,Condo,538000,,94080,,55,,For Sale,SAN MATEO
5,71 Calvert Ave,3.0,4.0,South San Francisco,"2,210 sqft","Dec 31, 1969",$0,37.666584,-122.4568,CA,Single-Family Home,350000,,94080,,57,,For Sale,SAN MATEO
6,1 Mandalay Pl #908,1.0,1.0,South San Francisco,941 sqft,"Dec 31, 1969",$0,37.666145,-122.40382,CA,Condo,465000,,94080,,49,,For Sale,SAN MATEO
7,310 Hazelwood Dr,2.0,5.0,South San Francisco,"1,630 sqft","Dec 31, 1969",$0,37.639378,-122.43263,CA,Single-Family Home,799000,,94080,,52,,For Sale,SAN MATEO
8,12 Sonora Ave,2.0,3.0,South San Francisco,"1,383 sqft","Dec 31, 1969",$0,37.645737,-122.42383,CA,Single-Family Home,648888,,94080,,78,,For Sale,SAN MATEO
9,1 Mandalay Pl,2.0,2.0,South San Francisco,,"Dec 31, 1969",$0,37.666145,-122.40382,CA,Condo,695000,,94080,,49,,For Sale,SAN MATEO
10,1400 El Camino Real #104,2.0,2.0,South San Francisco,"1,190 sqft","Dec 31, 1969",$0,37.661793,-122.44202,CA,Condo,498888,,94080,,54,,For Sale,SAN MATEO
11,656 Del Monte Ave,2.0,3.0,South San Francisco,"1,120 sqft","Dec 31, 1969",$0,37.660538,-122.45014,CA,Single-Family Home,685000,,94080,,58,,For Sale,SAN MATEO
12,929 Newman Dr,1.0,3.0,South San Francisco,"1,000 sqft","Dec 31, 1969",$0,37.664238,-122.458,CA,Single-Family Home,629000,,94080,,58,,For Sale,SAN MATEO
13,779 Park Way,2.0,3.0,South San Francisco,"1,650 sqft","Dec 31, 1969",$0,37.662277,-122.42447,CA,Single-Family Home,675000,,94080,,54,,For Sale,SAN MATEO
14,716 Spruce Ave,1.0,3.0,South San Francisco,"2,060 sqft","Dec 31, 1969",$0,37.66169,-122.41104,CA,Single-Family Home,800000,,94080,,74,,For Sale,SAN MATEO
15,000 Diamond Ave,,,South San Francisco,,"Dec 31, 1969",$0,37.661444,-122.413722,CA,Lot/Land,1500000,,94080,,,,For Sale,SAN MATEO
16,314 Northwood Dr,2.0,3.0,South San Francisco,"1,270 sqft","Dec 31, 1969",$0,37.639782,-122.433334,CA,Single-Family Home,659500,,94080,,55,,For Sale,SAN MATEO
17,26 Viola St,3.0,4.0,South San Francisco,"2,440 sqft","Dec 31, 1969",$0,37.668064,-122.40967,CA,Single-Family Home,1099000,,94080,,40,,For Sale,SAN MATEO
18,3737 Radburn Dr,1.0,2.0,South San Francisco,858 sqft,"Dec 31, 1969",$0,37.647808,-122.456505,CA,Condo,420000,,94080,,74,,For Sale,SAN MATEO
19,15200190 Apn,,,South San Francisco,,"Dec 31, 1969",$0,37.6588,-122.423,CA,Lot/Land,1900000,,94080,,86,,For Sale,SAN MATEO
20,240 Willow Ave #624,1.0,1.0,South San Francisco,750 sqft,"Dec 31, 1969",$0,37.660904,-122.432144,CA,Condo,249000,,94080,,62,,For Sale,SAN MATEO
21,126 S Magnolia Ave,1.0,3.0,South San Francisco,"1,150 sqft","Dec 31, 1969",$0,37.64987,-122.422386,CA,Single-Family Home,575000,,94080,,69,,For Sale,SAN MATEO
22,117 S Magnolia Ave,1.0,3.0,South San Francisco,"1,100 sqft","Dec 31, 1969",$0,37.650448,-122.42165,CA,Single-Family Home,599000,,94080,,72,,For Sale,SAN MATEO
23,425 Larch Ave,1.0,3.0,South San Francisco,"1,020 sqft","Dec 31, 1969",$0,37.66461,-122.41332,CA,Single-Family Home,599000,,94080,,51,,For Sale,SAN MATEO
24,65 Baypark Cir,3.0,4.0,South San Francisco,"2,410 sqft","Dec 31, 1969",$0,37.670525,-122.41828,CA,Single-Family Home,1098000,,94080,,25,,For Sale,SAN MATEO
25,3907 Crofton Way,2.0,3.0,South San Francisco,"1,690 sqft","Dec 31, 1969",$0,37.6491,-122.46227,CA,Single-Family Home,529000,,94080,,62,,For Sale,SAN MATEO
26,233 Bryce Ave,3.0,4.0,South San Francisco,"2,240 sqft","Dec 31, 1969",$0,37.647694,-122.43437,CA,Single-Family Home,875000,,94080,,57,,For Sale,SAN MATEO
27,533 Valverde Dr,2.0,3.0,South San Francisco,"1,330 sqft","Dec 31, 1969",$0,37.64259,-122.44312,CA,Single-Family Home,700000,,94080,,45,,For Sale,SAN MATEO
28,54 Franklin Ave,3.0,3.0,South San Francisco,"1,728 sqft","Dec 31, 1969",$0,37.66505,-122.41575,CA,Single-Family Home,799000,,94080,,52,,For Sale,SAN MATEO
29,2210 Gellert Blvd #5112,2.0,3.0,South San Francisco,"1,200 sqft","Dec 31, 1969",$0,37.647587,-122.453735,CA,Apt/Condo/Twnhm,579000,,94080,,68,,For Sale,SAN MATEO
30,721 Miller Ave,1.0,2.0,South San Francisco,"1,110 sqft","Dec 31, 1969",$0,37.65895,-122.42375,CA,Single-Family Home,645000,,94080,,63,,For Sale,SAN MATEO
31,3786 Cork Pl,3.0,3.0,South San Francisco,"1,970 sqft","Dec 31, 1969",$0,37.647564,-122.46727,CA,Single-Family Home,685000,,94080,,62,,For Sale,SAN MATEO
32,764 Baden Ave,1.0,2.0,South San Francisco,"1,390 sqft","Dec 31, 1969",$0,37.657906,-122.42598,CA,Single-Family Home,625000,,94080,,51,,For Sale,SAN MATEO
33,806 Baden Ave,,,South San Francisco,,"Dec 31, 1969",$0,37.65822,-122.4274,CA,Lot/Land,425000,,94080,,51,,For Sale,SAN MATEO
34,298 Sequoia Ave,2.0,3.0,South San Francisco,"1,340 sqft","Dec 31, 1969",$0,37.66476,-122.43694,CA,Single-Family Home,679000,,94080,,55,,For Sale,SAN MATEO
35,527 Orange Ave,1.0,3.0,South San Francisco,"1,680 sqft","Dec 31, 1969",$0,37.66094,-122.42156,CA,Single-Family Home,788000,,94080,,66,,For Sale,SAN MATEO
36,107 Mulberry Ave,1.0,3.0,South San Francisco,980 sqft,"Dec 31, 1969",$0,37.6507,-122.42438,CA,Single-Family Home,539000,,94080,,72,,For Sale,SAN MATEO
37,216 Alta Mesa Dr,1.0,3.0,South San Francisco,"1,020 sqft","Dec 31, 1969",$0,37.65522,-122.44655,CA,Single-Family Home,619990,,94080,,38,,For Sale,SAN MATEO
38,624 Brosnan Ct,1.0,1.0,South San Francisco,,"Dec 31, 1969",$0,37.66129,-122.432396,CA,Condo,395000,,94080,,60,,For Sale,SAN MATEO
39,157 Ramona Ave,2.0,4.0,South San Francisco,"1,410 sqft","Dec 31, 1969",$0,37.64479,-122.42525,CA,Single-Family Home,649000,,94080,,77,,For Sale,SAN MATEO
40,121 Clay Ave,3.0,4.0,South San Francisco,"2,270 sqft","Dec 31, 1969",$0,37.661243,-122.459564,CA,Single-Family Home,749000,,94080,,51,,For Sale,SAN MATEO
41,221 Miller Ave,,,South San Francisco,,"Dec 31, 1969",$0,37.655724,-122.40915,CA,Lot/Land,375000,,94080,,75,,For Sale,SAN MATEO
42,Carter Dr #125,2.0,2.0,South San Francisco,877 sqft,"Dec 31, 1969",$0,37.642654,-122.46425,CA,Condo,200500,,94080,,54,,For Sale,SAN MATEO
43,Carter Dr #96,2.0,3.0,South San Francisco,"1,644 sqft","Dec 31, 1969",$0,37.642643,-122.46423,CA,Condo,273750,,94080,,54,,For Sale,SAN MATEO
44,El Rancho Dr,3.0,5.0,South San Francisco,"2,310 sqft","Dec 31, 1969",$0,37.6598,-122.45362,CA,Single-Family Home,675000,,94080,,49,,For Sale,SAN MATEO
45,Villa Ct,2.0,3.0,South San Francisco,"1,910 sqft","Dec 31, 1969",$0,37.661602,-122.43706,CA,Condo,619318,,94080,,60,,For Sale,SAN MATEO
46,32 Pointe View Pl,2.5,3.0,South San Francisco,"2,600 sqft","Dec 31, 1969",$0,37.665874,-122.40169,CA,Single-Family Home,1100000,,94080,,49,,For Sale,SAN MATEO
47,Radburn Dr,1.0,3.0,South San Francisco,"1,115 sqft","Dec 31, 1969",$0,37.647877,-122.45624,CA,Condo,417000,,94080,,66,,For Sale,SAN MATEO
48,Athy Dr,1.0,2.0,South San Francisco,840 sqft,"Dec 31, 1969",$0,37.64284,-122.46653,CA,Condo,356627,,94080,,52,,For Sale,SAN MATEO
49,Stonegate Dr #25,1.0,2.0,South San Francisco,"1,080 sqft","Dec 31, 1969",$0,37.66454,-122.427124,CA,Condo,426956,,94080,,45,,For Sale,SAN MATEO
50,Viola St,3.0,4.0,South San Francisco,"3,070 sqft","Dec 31, 1969",$0,37.668118,-122.41063,CA,Single-Family Home,970000,,94080,,38,,For Sale,SAN MATEO
51,Heather Way,1.0,2.0,South San Francisco,870 sqft,"Dec 31, 1969",$0,37.66534,-122.433525,CA,Single-Family Home,552285,,94080,,45,,For Sale,SAN MATEO
52,Callan Blvd,2.0,4.0,South San Francisco,"1,810 sqft","Dec 31, 1969",$0,37.6482,-122.466896,CA,Single-Family Home,659874,,94080,,68,,For Sale,SAN MATEO
53,Kenry Way,2.0,4.0,South San Francisco,"1,900 sqft","Dec 31, 1969",$0,37.64016,-122.449814,CA,Single-Family Home,725114,,94080,,60,,For Sale,SAN MATEO
54,Carter Dr #105,2.0,2.0,South San Francisco,"1,090 sqft","Dec 31, 1969",$0,37.648827,-122.46914,CA,Condo,468591,,94080,,66,,For Sale,SAN MATEO
55,Carter Dr #129,2.0,2.0,South San Francisco,877 sqft,"Dec 31, 1969",$0,37.642567,-122.464165,CA,Condo,416975,,94080,,54,,For Sale,SAN MATEO
56,Drake Ave,1.0,2.0,South San Francisco,940 sqft,"Dec 31, 1969",$0,37.66636,-122.41055,CA,Single-Family Home,250000,,94080,,46,,For Sale,SAN MATEO
57,San Felipe Ave,2.0,4.0,South San Francisco,"2,176 sqft","Dec 31, 1969",$0,37.66004,-122.445366,CA,Single-Family Home,622500,,94080,,54,,For Sale,SAN MATEO
58,Briarwood Dr,2.0,3.0,South San Francisco,"1,280 sqft","Dec 31, 1969",$0,37.6366,-122.43496,CA,Single-Family Home,452000,,94080,,37,,For Sale,SAN MATEO
59,Greendale Dr,1.0,2.0,South San Francisco,858 sqft,"Dec 31, 1969",$0,37.64832,-122.46673,CA,Condo,368000,,94080,,71,,For Sale,SAN MATEO
60,Crofton Way,2.0,3.0,South San Francisco,"1,490 sqft","Dec 31, 1969",$0,37.649063,-122.462036,CA,Single-Family Home,542400,,94080,,65,,For Sale,SAN MATEO
61,Parkgrove Dr,3.0,4.0,South San Francisco,"2,770 sqft","Dec 31, 1969",$0,37.67175,-122.41786,CA,Single-Family Home,417000,,94080,,25,,For Sale,SAN MATEO
62,Miller Ave,1.0,2.0,South San Francisco,"1,020 sqft","Dec 31, 1969",$0,37.65913,-122.423256,CA,Single-Family Home,496438,,94080,,63,,For Sale,SAN MATEO
63,Greendale Dr,2.0,3.0,South San Francisco,"1,540 sqft","Dec 31, 1969",$0,37.64641,-122.460884,CA,Single-Family Home,666384,,94080,,68,,For Sale,SAN MATEO
64,Savannah Ct,3.0,4.0,South San Francisco,"1,740 sqft","Dec 31, 1969",$0,37.649223,-122.46406,CA,Single-Family Home,685508,,94080,,58,,For Sale,SAN MATEO
65,Valleyview Way,3.0,4.0,South San Francisco,"1,960 sqft","Dec 31, 1969",$0,37.638943,-122.44444,CA,Single-Family Home,705000,,94080,,40,,For Sale,SAN MATEO
66,Ida Dr,2.0,4.0,South San Francisco,"2,300 sqft","Dec 31, 1969",$0,37.66344,-122.42633,CA,Single-Family Home,849136,,94080,,48,,For Sale,SAN MATEO
67,Dundee Dr,1.0,3.0,South San Francisco,"1,020 sqft","Dec 31, 1969",$0,37.65988,-122.46112,CA,Single-Family Home,638689,,94080,,52,,For Sale,SAN MATEO
68,Escanyo Dr,2.0,3.0,South San Francisco,"1,380 sqft","Dec 31, 1969",$0,37.65051,-122.44685,CA,Single-Family Home,736170,,94080,,58,,For Sale,SAN MATEO
69,Tara Ln,2.0,3.0,South San Francisco,"2,240 sqft","Dec 31, 1969",$0,37.64155,-122.45858,CA,Single-Family Home,881812,,94080,,65,,For Sale,SAN MATEO
70,Spruce Ave,1.0,3.0,South San Francisco,"1,470 sqft","Dec 31, 1969",$0,37.661728,-122.411285,CA,Single-Family Home,822213,,94080,,71,,For Sale,SAN MATEO
71,Annapolis Ct,1.0,2.0,South San Francisco,858 sqft,"Dec 31, 1969",$0,37.64962,-122.455246,CA,Condo,135000,,94080,,68,,For Sale,SAN MATEO
72,Newman Dr,2.0,3.0,South San Francisco,"1,330 sqft","Dec 31, 1969",$0,37.657845,-122.45402,CA,Single-Family Home,150000,,94080,,38,,For Sale,SAN MATEO
73,Adrian Ave,1.0,3.0,South San Francisco,"1,050 sqft","Dec 31, 1969",$0,37.661854,-122.46125,CA,Single-Family Home,135000,,94080,,57,,For Sale,SAN MATEO
74,Baden Ave,3.0,4.0,South San Francisco,"4,749 sqft","Dec 31, 1969",$0,37.654835,-122.41342,CA,Multi-Family Home,385000,,94080,,92,,For Sale,SAN MATEO
75,Camaritas Ave,3.0,4.0,South San Francisco,"2,140 sqft","Dec 31, 1969",$0,37.65845,-122.44569,CA,Single-Family Home,320232,,94080,,51,,For Sale,SAN MATEO
76,Crestwood Dr,2.0,3.0,South San Francisco,"1,050 sqft","Dec 31, 1969",$0,37.667446,-122.435356,CA,Single-Family Home,185000,,94080,,40,,For Sale,SAN MATEO
77,Newman Dr,2.0,3.0,South San Francisco,"1,650 sqft","Dec 31, 1969",$0,37.6608,-122.45572,CA,Single-Family Home,324000,,94080,,48,,For Sale,SAN MATEO
78,Cromwell Row,2.0,4.0,South San Francisco,"1,810 sqft","Dec 31, 1969",$0,37.64592,-122.4676,CA,Single-Family Home,404550,,94080,,58,,For Sale,SAN MATEO
79,Callan Blvd,1.0,2.0,South San Francisco,"1,040 sqft","Dec 31, 1969",$0,37.64502,-122.46366,CA,Condo,300162,,94080,,69,,For Sale,SAN MATEO
80,Del Paso Dr,1.0,2.0,South San Francisco,"1,050 sqft","Dec 31, 1969",$0,37.657185,-122.43946,CA,Single-Family Home,300000,,94080,,66,,For Sale,SAN MATEO
81,Carter Dr,2.0,3.0,South San Francisco,"1,644 sqft","Dec 31, 1969",$0,37.642567,-122.464165,CA,Condo,524255,,94080,,55,,For Sale,SAN MATEO
82,Appian Way A,2.0,2.0,South San Francisco,"1,197 sqft","Dec 31, 1969",$0,37.64205,-122.447,CA,Unspecified,384440,,94080,,58,,For Sale,SAN MATEO
83,Pointe View Pl,3.0,4.0,South San Francisco,"2,500 sqft","Dec 31, 1969",$0,37.665424,-122.40077,CA,Single-Family Home,787500,,94080,,62,,For Sale,SAN MATEO
84,Mission Rd,2.0,2.0,South San Francisco,"1,046 sqft","Dec 31, 1969",$0,37.657177,-122.43316,CA,Condo,361225,,94080,,55,,For Sale,SAN MATEO
85,Indio Dr,1.0,2.0,South San Francisco,"1,180 sqft","Dec 31, 1969",$0,37.655296,-122.44257,CA,Single-Family Home,417000,,94080,,58,,For Sale,SAN MATEO
86,Radburn Dr,1.0,2.0,South San Francisco,858 sqft,"Dec 31, 1969",$0,37.64915,-122.456635,CA,Condo,429656,,94080,,72,,For Sale,SAN MATEO
87,Willow Ave #422,1.0,2.0,South San Francisco,888 sqft,"Dec 31, 1969",$0,37.661114,-122.43308,CA,Condo,484450,,94080,,60,,For Sale,SAN MATEO
88,Carter Dr,2.0,2.0,South San Francisco,"1,105 sqft","Dec 31, 1969",$0,37.64894,-122.469,CA,Condo,475676,,94080,,43,,For Sale,SAN MATEO
89,Appian Way #710,1.0,1.0,South San Francisco,777 sqft,"Dec 31, 1969",$0,37.64313,-122.450676,CA,Condo,307951,,94080,,82,,For Sale,SAN MATEO
90,Railroad Ave,3.0,5.0,South San Francisco,"1,030 sqft","Dec 31, 1969",$0,37.653526,-122.41639,CA,Single-Family Home,435500,,94080,,86,,For Sale,SAN MATEO
91,Rockwood Dr,1.0,2.0,South San Francisco,990 sqft,"Dec 31, 1969",$0,37.638885,-122.4267,CA,Single-Family Home,525000,,94080,,74,,For Sale,SAN MATEO
92,Southcliff Ave,2.0,2.0,South San Francisco,"1,120 sqft","Dec 31, 1969",$0,37.65213,-122.45084,CA,Single-Family Home,535000,,94080,,63,,For Sale,SAN MATEO
93,Kipling Ave,1.0,3.0,South San Francisco,"1,070 sqft","Dec 31, 1969",$0,37.66479,-122.45495,CA,Single-Family Home,551250,,94080,,57,,For Sale,SAN MATEO
94,Shannon Dr,2.0,4.0,South San Francisco,"1,500 sqft","Dec 31, 1969",$0,37.636627,-122.450745,CA,Single-Family Home,567000,,94080,,49,,For Sale,SAN MATEO
95,Clover Cir,1.0,3.0,South San Francisco,"1,040 sqft","Dec 31, 1969",$0,37.661484,-122.43469,CA,Single-Family Home,560000,,94080,,57,,For Sale,SAN MATEO
96,Bradford Dr,1.0,3.0,South San Francisco,"1,030 sqft","Dec 31, 1969",$0,37.669495,-122.45342,CA,Single-Family Home,575355,,94080,,60,,For Sale,SAN MATEO
97,Mandalay Pl #1600,2.0,2.0,South San Francisco,"1,440 sqft","Dec 31, 1969",$0,37.665825,-122.40377,CA,Condo,578089,,94080,,48,,For Sale,SAN MATEO
98,Alta Loma Dr,1.0,2.0,South San Francisco,"1,140 sqft","Dec 31, 1969",$0,37.656612,-122.4383,CA,Single-Family Home,456000,,94080,,69,,For Sale,SAN MATEO
99,Rowntree Way,,,South San Francisco,,"Dec 31, 1969",$0,37.649124,-122.45561,CA,Condo,392000,,94080,,72,,For Sale,SAN MATEO
100,1 Mandalay Pl #1609,,,South San Francisco,,"Dec 31, 1969",$0,37.666145,-122.40382,CA,Unspecified,398158,,94080,,51,,For Sale,SAN MATEO
101,Westchester Ct,2.0,3.0,South San Francisco,"1,540 sqft","Dec 31, 1969",$0,37.64835,-122.45548,CA,Single-Family Home,662349,,94080,,72,,For Sale,SAN MATEO
102,Estate Ct,3.0,5.0,South San Francisco,"2,180 sqft","Dec 31, 1969",$0,37.66373,-122.43265,CA,Single-Family Home,864199,,94080,,49,,For Sale,SAN MATEO
103,Joaquin Dr,2.0,3.0,South San Francisco,"1,120 sqft","Dec 31, 1969",$0,37.659397,-122.450294,CA,Single-Family Home,790612,,94080,,49,,For Sale,SAN MATEO
104,Northwood Dr,2.0,3.0,South San Francisco,"1,520 sqft","Dec 31, 1969",$0,37.63815,-122.43603,CA,Single-Family Home,885000,,94080,,40,,For Sale,SAN MATEO
105,Dublin Dr,,,South San Francisco,,"Dec 31, 1969",$0,37.642082,-122.45494,CA,Unspecified,734592,,94080,,77,,For Sale,SAN MATEO
106,Camaritas Cir,1.0,3.0,South San Francisco,"1,000 sqft","Dec 31, 1969",$0,37.66457,-122.45022,CA,Single-Family Home,595101,,94080,,62,,For Sale,SAN MATEO
107,Grand Ave,6.0,6.0,South San Francisco,"1,740 sqft","Dec 31, 1969",$0,37.65836,-122.42453,CA,Multi-Family Home,827410,,94080,,58,,For Sale,SAN MATEO
108,Callan Blvd #J,,,South San Francisco,,"Dec 31, 1969",$0,37.64502,-122.46366,CA,Single-Family Home,265500,,94080,,60,,For Sale,SAN MATEO
109,Appian Way,,,South San Francisco,,"Dec 31, 1969",$0,37.64313,-122.450676,CA,Unspecified,194265,,94080,,82,,For Sale,SAN MATEO
110,Appian Way,,,South San Francisco,,"Dec 31, 1969",$0,37.64313,-122.450676,CA,Unspecified,265500,,94080,,82,,For Sale,SAN MATEO
111,Stamford Row,,,South San Francisco,,"Dec 31, 1969",$0,37.646473,-122.46836,CA,Unspecified,400000,,94080,,58,,For Sale,SAN MATEO
112,Carter Dr #104,,,South San Francisco,,"Dec 31, 1969",$0,37.64894,-122.469,CA,Unspecified,421571,,94080,,58,,For Sale,SAN MATEO
113,Stonegate Dr,1.0,2.0,South San Francisco,,"Dec 31, 1969",$0,37.66586,-122.42736,CA,Unspecified,432271,,94080,,43,,For Sale,SAN MATEO
114,El Camino Real,,,South San Francisco,,"Dec 31, 1969",$0,37.646805,-122.42831,CA,Unspecified,438370,,94080,,55,,For Sale,SAN MATEO
115,Gellert Blvd #6412,,,South San Francisco,,"Dec 31, 1969",$0,37.64856,-122.45355,CA,Unspecified,569418,,94080,,72,,For Sale,SAN MATEO
116,Hillside Blvd,1.0,3.0,South San Francisco,900 sqft,"Dec 31, 1969",$0,37.666878,-122.413055,CA,Single-Family Home,608700,,94080,,38,,For Sale,SAN MATEO
117,Pointe View Pl,3.0,3.0,South San Francisco,"2,490 sqft","Dec 31, 1969",$0,37.66548,-122.4011,CA,Single-Family Home,885021,,94080,,55,,For Sale,SAN MATEO
118,Evergreen Dr,2.0,3.0,South San Francisco,"1,050 sqft","Dec 31, 1969",$0,37.665257,-122.441444,CA,Single-Family Home,617142,,94080,,55,,For Sale,SAN MATEO
119,Rosa Flora,2.0,3.0,South San Francisco,"1,880 sqft","Dec 31, 1969",$0,37.645416,-122.43143,CA,Single-Family Home,671772,,94080,,72,,For Sale,SAN MATEO
120,Valverde Dr,3.0,4.0,South San Francisco,"2,180 sqft","Dec 31, 1969",$0,37.641396,-122.44172,CA,Single-Family Home,819054,,94080,,35,,For Sale,SAN MATEO
121,Amaryllis Ct,3.0,4.0,South San Francisco,"2,440 sqft","Dec 31, 1969",$0,37.66127,-122.44694,CA,Single-Family Home,971000,,94080,,62,,For Sale,SAN MATEO
122,Almond Ave,2.0,3.0,South San Francisco,"1,210 sqft","Dec 31, 1969",$0,37.661423,-122.42301,CA,Single-Family Home,701334,,94080,,52,,For Sale,SAN MATEO
123,Cymbidium Cir,2.0,4.0,South San Francisco,"1,860 sqft","Dec 31, 1969",$0,37.662663,-122.44532,CA,Single-Family Home,925038,,94080,,57,,For Sale,SAN MATEO
124,Geddes Ct,2.0,3.0,South San Francisco,"1,530 sqft","Dec 31, 1969",$0,37.648968,-122.45775,CA,Single-Family Home,668409,,94080,,74,,For Sale,SAN MATEO
125,Westchester Ct,,,South San Francisco,,"Dec 31, 1969",$0,37.64843,-122.45506,CA,Single-Family Home,582500,,94080,,71,,For Sale,SAN MATEO
126,Chapman Ave,,,South San Francisco,,"Dec 31, 1969",$0,37.663826,-122.40319,CA,Unspecified,793077,,94080,,58,,For Sale,SAN MATEO
127,4th Ln,,,South San Francisco,,"Dec 31, 1969",$0,37.657665,-122.41879,CA,Unspecified,737886,,94080,,83,,For Sale,SAN MATEO
